,title,author,publication date,format,current price,original price
0,It Ends With Us: The most heartbreaking novel you'll ever read,Colleen Hoover,02 Aug 2016,Paperback,US$13.87,US$13.87
1,The Seven Husbands of Evelyn Hugo,Taylor Jenkins Reid,02 Apr 2020,Paperback,US$13.73,US$13.73
2,The Body Keeps the Score,Bessel van der Kolk,24 Sep 2015,Paperback,US$14.62,US$14.96
3,The Midnight Library,Matt Haig,18 Feb 2021,Paperback,US$10.80,US$12.24
4,The Song of Achilles,Madeline Miller,21 Sep 2017,Paperback,US$18.10,US$18.10
5,The Love Hypothesis,Ali Hazelwood,28 Sep 2021,Paperback,US$13.95,US$16.00
6,"Beautiful World, Where Are You",Sally Rooney,07 Sep 2021,Hardback,US$21.29,US$23.13
7,Peril,Bob Woodward,21 Sep 2021,Hardback,US$27.35,US$27.35
8,Man's Search For Meaning,Viktor E Frankl,06 Oct 2015,Paperback,US$8.00,US$9.52
9,Dune,Frank Herbert,23 Jul 2015,Paperback,US$8.00,US$9.52
10,Dune,Frank Herbert,15 Jul 2011,Paperback,US$14.68,US$14.68
11,The Thursday Murder Club,Richard Osman,13 May 2021,Paperback,US$15.05,US$15.05
12,The Hating Game,Sally Thorne,07 Sep 2017,Paperback,US$15.26,US$15.26
13,Your Head is a Houseboat,Campbell Walker,29 Sep 2021,Paperback,US$17.89,US$19.99
14,Where the Crawdads Sing,Delia Owens,20 Dec 2019,Paperback,US$10.47,US$12.24
15,Piranesi,Susanna Clarke,02 Sep 2021,Paperback,US$11.57,US$12.24
16,Six Crimson Cranes,Elizabeth Lim,08 Jul 2021,Hardback,US$23.80,US$23.80
17,Atomic Habits,James Clear,27 Nov 2018,Paperback,US$21.00,US$23.13
18,Ugly Love: A Novel,Colleen Hoover,05 Aug 2014,Paperback,US$15.64,US$16.99
19,Heaven Official's Blessing,Mo Xiang Tong Xiu,14 Dec 2021,Paperback,US$17.89,US$19.99
20,The Song of Achilles,Madeline Miller,02 Sep 2021,Hardback,US$29.61,US$29.61
21,Come as You Are: Revised and Updated,Emily Nagoski,02 Mar 2021,Paperback,US$29.61,US$29.61
22,Grandmaster of Demonic Cultivation,Mo Xiang Tong Xiu,14 Dec 2021,Paperback,US$17.89,US$19.99
23,The Silent Patient,Alex Michaelides,15 Jan 2020,Paperback,US$9.96,US$12.24
24,They Both Die at the End,Adam Silvera,07 Sep 2017,Paperback,US$10.33,US$10.88
25,The Atlas Six,Olivie Blake,30 Jan 2020,Paperback,US$16.64,US$16.64
26,Ugly Love,Colleen Hoover,21 Jan 2016,Paperback,US$13.44,US$15.50
27,Normal People,Sally Rooney,23 Jul 2019,Paperback,US$13.93,US$13.93
28,Death to Jar Sauce,Nat's What I Reckon,16 Nov 2021,Paperback,US$22.67,US$25.33
29,The Beekeeper of Aleppo,Christy Lefteri,01 Apr 2020,Paperback,US$10.58,US$12.24
30,"Red, White & Royal Blue",Casey McQuiston,14 May 2019,Paperback,US$13.52,US$16.99
31,I Grew with You,Sarah Molitor,26 Oct 2021,Hardback,US$15.90,US$16.95
32,The Scum Villain's Self-Saving System,Mo Xiang Tong Xiu,14 Dec 2021,Paperback,US$17.89,US$19.99
33,The Cruel Prince (The Folk of the Air),Holly Black,26 Jul 2018,Paperback,US$10.82,US$12.24
34,Empire of the Vampire,Jay Kristoff,07 Sep 2021,Hardback,US$46.27,US$46.27
35,If We Were Villains - signed edition,M. L. Rio,24 Sep 2021,Hardback,US$46.27,US$46.27
36,Red Roulette,Desmond Shum,07 Sep 2021,Paperback,US$34.60,US$34.60
37,Clarity & Connection,Yung Pueblo,02 Jul 2021,Paperback,US$15.47,US$16.99
38,The Spanish Love Deception,Elena Armas,22 Feb 2021,Paperback,US$25.86,US$25.86
39,Conversations with Friends,Sally Rooney,01 Mar 2018,Paperback,US$14.69,US$14.69
40,Death to Jar Sauce,Nat's What I Reckon,16 Nov 2021,Paperback,US$22.67,US$25.33
41,One Of Us Is Lying,Karen M. McManus,01 Jun 2017,Paperback,US$11.10,US$11.10
42,Verity,Colleen Hoover,10 Dec 2018,Paperback,US$21.34,US$21.34
43,Your One Wild and Precious Life,Maureen Gaffney,16 Sep 2021,Paperback,US$21.34,US$21.34
44,Rich Dad Poor Dad,Robert T. Kiyosaki,31 Oct 2018,Paperback,US$9.39,US$9.39
45,1984,George Orwell,01 Oct 2008,Paperback,US$8.25,US$17.75
46,The Vanishing Half,Brit Bennett,03 Jun 2021,Paperback,US$14.49,US$14.49
47,Once Upon A Broken Heart,Stephanie Garber,30 Sep 2021,Hardback,US$21.70,US$23.13
48,The Very Hungry Caterpillar,Eric Carle,29 Sep 1994,Board book,US$9.23,US$9.48
49,12 Rules for Life,Jordan B. Peterson,07 May 2019,Paperback,US$15.20,US$15.20
50,The Truth About COVID-19,Doctor Joseph Mercola,29 Apr 2021,Hardback,US$20.87,US$24.95
51,This Much is True,Miriam Margolyes,10 May 2022,Hardback,US$23.96,US$28.99
52,Hamnet,Maggie O'Farrell,15 Apr 2021,Paperback,US$15.34,US$15.34
53,The Psychology of Money,Morgan Housel,08 Sep 2020,Paperback,US$17.04,US$18.99
54,The Secret History,Donna Tartt,01 Jul 1995,Paperback,US$19.88,US$19.88
55,Rebel's Creed,,29 Oct 2021,Paperback,US$13.76,US$14.99
56,"Thinking, Fast and Slow",Daniel Kahneman,24 May 2012,Paperback,US$21.19,US$21.19
57,The Legacy,Elle Kennedy,21 Sep 2021,Paperback,US$14.69,US$14.69
58,You Can Do All Things 2022 Day-to-Day Calendar,Kate Allan,30 Sep 2021,Calendar,US$15.10,US$15.99
59,A Little Life,Hanya Yanagihara,10 Mar 2017,Paperback,US$16.00,US$16.00
60,Dear Zoo,Rod Campbell,08 May 2007,Board book,US$7.62,US$7.62
61,From Blood and Ash,Jennifer L Armentrout,25 May 2021,Hardback,US$36.89,US$36.89
62,Heaven Official's Blessing: Tian Guan Ci Fu (Novel) Vol. 2,Mo Xiang Tong Xiu,15 Feb 2022,Paperback,US$17.89,US$19.99
63,All Your Perfects,Colleen Hoover,09 Aug 2018,Paperback,US$13.83,US$16.99
64,The Deal,Elle Kennedy,24 Feb 2015,Paperback,US$15.10,US$15.10
65,A Good Girl's Guide to Murder,Holly Jackson,17 Oct 2019,Paperback,US$12.66,US$12.66
66,The Storyteller,Dave Grohl,05 Oct 2021,Hardback,US$24.37,US$27.23
67,The Man Who Died Twice,Richard Osman,16 Sep 2021,Hardback,US$26.09,US$26.09
68,"The Boy, The Mole, The Fox and The Horse",Charlie Mackesy,04 Nov 2019,Hardback,US$23.02,US$23.13
69,Sapiens,Yuval Noah Harari,01 May 2015,Paperback,US$20.65,US$20.65
70,A Passage North,Anuk Arudpragasam,15 Jul 2021,Hardback,US$25.94,US$25.94
71,Six of Crows: Collector's Edition,Leigh Bardugo,11 Oct 2018,Hardback,US$24.77,US$24.77
72,What Really Happened In Wuhan,Sharri Markson,29 Sep 2021,Paperback,US$22.67,US$25.33
73,The Power of Now,Eckhart Tolle,07 Jan 2016,Paperback,US$13.74,US$19.75
74,"My Hero Academia, Vol. 29",Kohei Horikoshi,30 Sep 2021,Paperback,US$9.72,US$9.99
75,We Were Liars,E. Lockhart,13 May 2014,Paperback,US$14.17,US$14.17
76,Joshua Weissman: An Unapologetic Cookbook,Joshua Weissman,14 Sep 2021,Hardback,US$28.72,US$30.00
77,Aristotle and Dante Dive Into the Waters of the World,Benjamin Alire Saenz,12 Oct 2021,Paperback,US$12.88,US$12.88
78,"Bungo Stray Dogs, Vol. 1",Kafka Asagiri,20 Dec 2016,Paperback,US$13.00,US$13.00
79,Animal Farm,George Orwell,01 Oct 2008,Paperback,US$7.19,US$17.75
80,"The Boy, the Mole, the Fox and the Horse",Charlie Mackesy,22 Oct 2020,Hardback,US$20.96,US$22.99
81,Natural Magick,Lindsay Squire,21 Sep 2021,Paperback,US$20.78,US$20.78
82,Our Family Pledge,Emmaline Carroll Southwell,28 Sep 2021,Hardback,US$13.80,US$14.47
83,The Queen of Nothing (The Folk of the Air #3),Holly Black,23 Jul 2020,Paperback,US$13.88,US$13.88
84,The Four Agreements,Don Miguel Ruiz,07 Nov 1997,Paperback,US$11.35,US$12.95
85,Giraffes Can't Dance,Giles Andreae,01 May 2014,Paperback,US$11.52,US$13.25
86,Before the Coffee Gets Cold,Toshikazu Kawaguchi,19 Sep 2019,Paperback,US$12.31,US$12.31
87,Crooked Kingdom Collector's Edition,Leigh Bardugo,05 Sep 2019,Hardback,US$21.40,US$23.13
88,The Wicked King (The Folk of the Air #2),Holly Black,04 Oct 2019,Paperback,US$10.35,US$12.24
89,Circe,Madeline Miller,24 Apr 2019,Paperback,US$13.47,US$13.60
90,The Koala Who Could,Rachel Bright,17 Feb 2017,Paperback,US$12.53,US$12.53
91,Have You Filled A Bucket Today?,Carol McCloud,01 Oct 2015,Paperback,US$9.74,US$9.95
92,Grandmaster of Demonic Cultivation: Mo Dao Zu Shi (Novel) Vol. 2,Mo Xiang Tong Xiu,15 Mar 2022,Paperback,US$17.89,US$19.99
93,The Unhoneymooners,Christina Lauren,14 May 2019,Paperback,US$16.17,US$16.99
94,Dune Messiah,Frank Herbert,16 May 2018,Paperback,US$15.41,US$15.41
95,And Away...,Bob Mortimer,16 Sep 2021,Paperback,US$21.29,US$21.29
96,Secrets of Natural Success,William Whitecloud,12 Jul 2019,Paperback,US$25.12,US$25.12
97,The Bell Jar,Sylvia Plath,15 Aug 2011,Paperback,US$11.68,US$12.95
98,The Invisible String,Patrice Karst,06 Dec 2018,Paperback,US$10.62,US$10.62
99,Children Of Dune,Frank Herbert,28 Jan 2021,Paperback,US$16.63,US$16.63
100,The Untethered Soul,Michael A. Singer,07 Nov 2007,Paperback,US$14.10,US$18.95
101,Belonging,Catherine Corless,16 Sep 2021,Paperback,US$19.25,US$21.77
102,Mindset - Updated Edition,Dr Carol Dweck,11 Apr 2017,Paperback,US$17.53,US$17.53
103,The Tiger Who Came to Tea,Judith Kerr,06 Feb 2006,Paperback,US$9.01,US$9.01
104,If We Were Villains,M. L. Rio,13 Jun 2017,Paperback,US$12.43,US$12.43
105,The Unhoneymooners,Christina Lauren,14 May 2020,Paperback,US$11.20,US$12.24
106,The Alchemist,Paulo Coelho,01 Jun 2020,Paperback,US$8.88,US$8.99
107,The Great Dune Trilogy,Frank Herbert,05 Dec 2019,Hardback,US$41.64,US$47.66
108,Heartstopper Volume Four,Alice Oseman,13 May 2021,Paperback,US$17.83,US$17.83
109,BYWAYS. Photographs by Roger A Deakins,Roger  Deakins,19 Oct 2021,Hardback,US$49.81,US$55.00
110,Berserk Volume 1,Kentaro Miura,17 Mar 2009,Paperback,US$13.92,US$14.99
111,Attached,Amir Levine,22 Aug 2019,Paperback,US$15.46,US$15.46
112,This is Going to Hurt,Adam Kay,19 Apr 2018,Paperback,US$12.73,US$12.73
113,"Vagabond (VIZBIG Edition), Vol. 1",Takehiko Inoue,03 Jul 2014,Paperback,US$30.55,US$30.55
114,Red Roulette,Desmond Shum,07 Sep 2021,Hardback,US$26.38,US$27.23
115,The Whole-Brain Child,Daniel J. Siegel,29 Nov 2018,Paperback,US$13.81,US$17.00
116,Shuggie Bain,Douglas Stuart,15 Apr 2021,Paperback,US$12.22,US$12.24
117,November 9,Colleen Hoover,10 Nov 2015,Paperback,US$15.31,US$16.99
118,A Court of Thorns and Roses,Sarah J. Maas,05 Jun 2020,Paperback,US$11.78,US$12.24
119,How to Save a Life,LYNETTE RICE,28 Sep 2021,Paperback,US$18.27,US$20.41
120,The Lion Inside,Rachel Bright,10 Mar 2016,Paperback,US$11.99,US$11.99
121,Start With Why,Simon Sinek,11 Oct 2011,Paperback,US$12.38,US$21.75
122,The Daily Stoic,Ryan Holiday,03 Jan 2017,Paperback,US$13.01,US$14.96
123,Goodnight Moon,Margaret Wise Brown,24 Jun 2011,Board book,US$9.40,US$9.40
124,"Girl, Woman, Other",Bernardine Evaristo,05 Mar 2020,Paperback,US$14.48,US$14.48
125,The Flatshare,Beth O'Leary,11 May 2020,Paperback,US$16.02,US$16.02
126,Grandmaster of Demonic Cultivation: Mo DAO Zu Shi (Novel) Vol. 3,Mo Xiang Tong Xiu,14 Jun 2022,Paperback,US$17.89,US$19.99
127,Inward,Yung Pueblo,05 Aug 2020,Paperback,US$14.58,US$16.99
128,Think Again,Adam Grant,04 Feb 2021,Paperback,US$18.53,US$20.41
129,The Great Dune Trilogy,Frank Herbert,17 Nov 2005,Paperback,US$30.88,US$37.50
130,The Almanack of Naval Ravikant,Eric Jorgenson,15 Sep 2020,Paperback,US$13.77,US$16.99
131,Berserk Deluxe Volume 4,Kentaro Miura,12 Mar 2020,Hardback,US$55.29,US$55.29
132,The Forever Dog,Rodney Habib,12 Oct 2021,Paperback,US$17.22,US$19.24
133,The The Wild Beyond the Witchlight: Dungeons & Dragons,Wizards Rpg Team,21 Sep 2021,Hardback,US$41.84,US$49.95
134,The Hawthorne Legacy,Jennifer Lynn Barnes,09 Sep 2021,Paperback,US$11.19,US$11.19
135,Breath,James Nestor,08 Jul 2021,Paperback,US$15.10,US$15.10
136,The Rainbow Fish,Marcus Pfister,01 Jul 2012,Paperback,US$10.27,US$10.27
137,Crime and Punishment,Fyodor Dostoevsky,05 May 2000,Paperback,US$6.18,US$6.18
138,When the Body Says No,Dr Gabor Mate,03 Jan 2019,Paperback,US$15.45,US$15.45
139,I Want My Hat Back,Jon Klassen,04 Oct 2012,Paperback,US$9.45,US$15.50
140,They Both Die at the End,Adam Silvera,18 Dec 2018,Paperback,US$13.00,US$13.00
141,The Day the Crayons Quit,Drew Daywalt,01 Aug 2014,Paperback,US$13.22,US$13.22
142,The Scum Villain's Self-Saving System: Ren Zha Fanpai Zijiu Xitong (Novel) Vol. 2,Mo Xiang Tong Xiu,19 Apr 2022,Paperback,US$17.89,US$19.99
143,"Set Boundaries, Find Peace",Nedra Glover Tawwab,30 Mar 2021,Paperback,US$15.73,US$20.41
144,Heaven Official's Blessing: Tian Guan Ci Fu (Novel) Vol. 3,Mo Xiang Tong Xiu,17 May 2022,Paperback,US$17.89,US$19.99
145,The Song of Achilles,Madeline Miller,28 Aug 2012,Paperback,US$16.17,US$16.99
146,A Cook's Book,Nigel Slater,14 Oct 2021,Hardback,US$39.86,US$40.85
147,The House in the Cerulean Sea,TJ Klune,16 Sep 2021,Paperback,US$14.27,US$14.27
148,The Montessori Toddler,Simone Davies,12 Apr 2019,Paperback,US$17.56,US$19.95
149,How to Win Friends and Influence People,Dale Carnegie,16 May 2011,Paperback,US$10.63,US$10.63
150,"My Hero Academia, Vol. 1",Kohei Horikoshi,27 Aug 2015,Paperback,US$20.23,US$20.23
151,How To Do The Work,Nicole Lepera,11 Mar 2021,Paperback,US$27.19,US$27.19
152,The Stranger,Albert Camus,09 Aug 2016,Paperback,US$11.56,US$13.95
153,"Brown Bear, Brown Bear, What Do You See?",Eric Carle,02 Jan 1997,Board book,US$10.06,US$11.06
154,Bewilderment,Richard Powers,21 Sep 2021,Hardback,US$23.84,US$25.86
155,Crooked Kingdom (Six of Crows Book 2),Leigh Bardugo,21 Jun 2017,Paperback,US$21.99,US$21.99
156,Berserk Deluxe Volume 8,Kentaro Miura,24 Aug 2021,Hardback,US$53.84,US$53.84
157,Ariadne,Jennifer Saint,29 Apr 2021,Hardback,US$26.65,US$26.65
158,The Folk of the Air Boxset,Holly Black,08 Oct 2020,Novelty book,US$38.95,US$38.95
159,Dance of Thieves,Mary Pearson,06 Aug 2019,Paperback,US$14.97,US$14.97
160,The Wonderful Things You Will Be,Emily Winfield Martin,22 Sep 2015,Hardback,US$18.78,US$18.78
161,Big Panda and Tiny Dragon,James Norbury,16 Sep 2021,Hardback,US$21.20,US$21.20
162,Deep Work,Cal Newport,05 Jan 2016,Paperback,US$19.60,US$20.41
163,Everything I Know About Love,Dolly Alderton,07 Feb 2019,Paperback,US$14.69,US$14.69
164,Never Split the Difference,Chris Voss,23 Mar 2017,Paperback,US$12.52,US$13.60
165,"Good Vibes, Good Life",Vex King,04 Dec 2018,Paperback,US$13.92,US$16.99
166,Surrounded by Idiots,Thomas Erikson,30 Jul 2019,Paperback,US$12.63,US$13.60
167,Some Things I Still Can't Tell You,Misha Collins,25 Nov 2021,Paperback,US$13.42,US$14.99
168,The Snail and the Whale,Julia Donaldson,04 Jun 2006,Paperback,US$9.85,US$9.85
169,Meine Reise durch Europa,Rita Berman,30 Sep 2021,Paperback,US$10.28,US$10.28
170,The Twins of Auschwitz,Eva Mozes Kor,24 Sep 2020,Paperback,US$14.30,US$14.30
171,Entangled Life,Merlin Sheldrake,02 Sep 2021,Paperback,US$14.83,US$14.96
172,Lit from Within,Sarah Powers,02 Nov 2021,Paperback,US$17.86,US$19.95
173,Tales From the Forest Kingdom Coloring Book,Hanna Karlzon,31 Aug 2021,Hardback,US$16.02,US$16.02
174,"Get A Life, Chloe Brown",Talia Hibbert,05 Nov 2019,Paperback,US$14.88,US$14.88
175,The Little Prince,Antoine de Saint-Exupery,01 Jan 1998,Paperback,US$5.15,US$5.15
176,Untamed,Glennon Doyle,25 May 2020,Paperback,US$18.59,US$20.41
177,Numberblocks Annual 2022,Sweet Cherry Publishing,09 Sep 2021,Hardback,US$11.17,US$11.17
178,The Courage To Be Disliked,Ichiro Kishimi,23 Jul 2019,Paperback,US$15.44,US$15.44
179,The Witcher Boxed Set,Andrzej Sapkowski,01 Oct 2020,Paperback,US$90.60,US$107.56
180,Uzumaki (3-in-1 Deluxe Edition),Junji Ito,21 Nov 2013,Hardback,US$33.44,US$33.44
181,Anxious People,Fredrik Backman,19 Aug 2021,Paperback,US$12.92,US$12.92
182,Unnatural Causes,Dr Richard Shepherd,24 Sep 2019,Paperback,US$18.52,US$18.52
183,One Last Stop,Casey McQuiston,01 Jun 2021,Paperback,US$13.69,US$16.99
184,The Inheritance Games,Jennifer Lynn Barnes,27 Jul 2021,Paperback,US$13.83,US$13.83
185,One Up On Wall Street,Peter Lynch,31 Oct 2018,Paperback,US$15.48,US$18.99
186,Where's Spot?,Eric Hill,16 Jun 2011,Board book,US$9.86,US$9.86
187,Braiding Sweetgrass,Robin Wall Kimmerer,23 Apr 2020,Paperback,US$15.43,US$15.43
188,Beano Annual 2022,,01 Aug 2021,Hardback,US$15.55,US$15.55
189,Dark Rise: Dark Rise 1,C S Pacat,28 Sep 2021,Paperback,US$15.49,US$15.49
190,What to Do When You Worry Too Much,Dawn Huebner,15 Sep 2005,Paperback,US$16.59,US$16.99
191,A Radical Awakening,Dr Shefali Tsabary,18 May 2021,Paperback,US$24.90,US$24.90
192,God Emperor Of Dune,Frank Herbert,28 Jan 2021,Paperback,US$16.79,US$16.79
193,"Peaceful Parent, Happy Kids",Laura Markham,28 Nov 2012,Paperback,US$14.84,US$17.00
194,Never Split the Difference,Chris Voss,29 Jun 2018,Paperback,US$9.17,US$9.17
195,Dark Rise,C S Pacat,28 Sep 2021,Hardback,US$18.84,US$18.99
196,Six of Crows,Leigh Bardugo,02 Jun 2016,Paperback,US$12.57,US$12.57
197,Heartstopper Volume One,Alice Oseman,10 Apr 2019,Paperback,US$16.81,US$16.81
198,The Light Seer's Tarot,Chris-Anne,03 Dec 2019,Cards,US$22.42,US$24.99
199,Daring Greatly,Brene Brown,25 Jan 2016,Paperback,US$14.74,US$14.74
200,Can't Hurt Me,David Goggins,11 Oct 2018,Paperback,US$25.12,US$25.12
201,Project Hail Mary,Andy Weir,04 May 2021,Paperback,US$20.99,US$23.89
202,The Brightest Night (Wings of Fire Graphic Novel 5 ),Tui T. Sutherland,07 Oct 2021,Paperback,US$13.36,US$13.36
203,The Book You Wish Your Parents Had Read (and Your Children Will Be Glad That You Did),Philippa Perry,01 Jan 2021,Paperback,US$14.27,US$14.27
204,"Chainsaw Man, Vol. 7",Tatsuki Fujimoto,28 Oct 2021,Paperback,US$8.94,US$9.99
205,The Comfort Book,Matt Haig,06 Jul 2021,Hardback,US$26.74,US$26.74
206,Ottolenghi Test Kitchen: Shelf Love,Yotam Ottolenghi,30 Sep 2021,Paperback,US$30.47,US$34.04
207,Nine Perfect Strangers,Liane Moriarty,05 Jun 2019,Paperback,US$15.21,US$15.21
208,Kingdom of the Cursed,Kerri Maniscalco,05 Oct 2021,Hardback,US$17.21,US$18.99
209,The Very Hungry Caterpillar: Little Learning Library,Eric Carle,10 Jan 2011,Board book,US$9.71,US$11.00
210,The Subtle Art of Not Giving a F*Ck,Mark Manson,13 Sep 2017,Paperback,US$17.98,US$18.99
211,Go Tell the Bees that I am Gone,Diana Gabaldon,23 Nov 2021,Paperback,US$22.73,US$23.96
212,Tarot of Mystical Moments,Catrin Welz-Stein,01 Apr 2021,Hardback,US$25.28,US$25.95
213,Look Inside Your Body,Louie Stowell,08 Jan 2021,Board book,US$20.42,US$20.42
214,Aristotle and Dante Discover the Secrets of the Universe,Benjamin Alire Sáenz,27 May 2021,Paperback,US$14.55,US$14.55
215,Six of Crows Boxed Set,Leigh Bardugo,16 Oct 2018,Paperback,US$28.58,US$28.58
216,It Starts with the Egg,Rebecca Fett,28 Feb 2019,Paperback,US$25.08,US$25.08
217,Five Love Languages Revised Edition,Gary Chapman,26 Mar 2015,Paperback,US$13.68,US$15.99
218,Roald Dahl's Marvellous Joke Book,Roald Dahl,06 Sep 2012,Paperback,US$7.68,US$8.20
219,"Oh, The Places You'll Go!",Dr. Seuss,01 Jun 2017,Paperback,US$9.80,US$15.50
220,de Sangre Y Cenizas,Jennifer L Armentrout,26 Oct 2021,Paperback,US$15.90,US$16.95
221,"Demon Slayer: Kimetsu no Yaiba, Vol. 23",Koyoharu Gotouge,30 Sep 2021,Paperback,US$9.84,US$9.99
222,The Goal,Elle Kennedy,26 Sep 2016,Paperback,US$14.81,US$15.00
223,Our Dreams at Dusk: Shimanami Tasogare Vol. 2,Yuhki Kamatani,23 Jul 2019,Paperback,US$13.41,US$13.41
224,Heretics Of Dune,Frank Herbert,28 Jan 2021,Paperback,US$12.53,US$13.60
225,Chapter House Dune,Frank Herbert,28 Jan 2021,Paperback,US$17.07,US$17.07
226,Milk and Honey,Rupi Kaur,08 Jul 2016,Paperback,US$11.67,US$14.99
227,On Writing,Stephen King,01 Sep 2020,Paperback,US$17.05,US$19.75
228,"My Hero Academia, Vol. 2",Kohei Horikoshi,19 Nov 2015,Paperback,US$20.17,US$20.17
229,The Shadow and Bone Trilogy Boxed Set,Leigh Bardugo,14 Nov 2017,Paperback,US$38.35,US$38.35
230,Mr Men Little Miss Advent Calendar,Adam Hargreave,14 Oct 2021,Hardback,US$24.36,US$27.22
231,Never Let Me Go,Kazuo Ishiguro,01 Feb 2010,Paperback,US$11.61,US$11.61
232,The Catcher in the Rye,J. D. Salinger,18 Mar 2005,Paperback,US$8.70,US$8.99
233,You and Me on Vacation,Emily Henry,22 Jul 2021,Paperback,US$11.23,US$11.23
234,The Outsiders,S E Hinton,04 Aug 2016,Paperback,US$10.25,US$10.88
235,My Policeman,Bethan Roberts,01 Apr 2014,Paperback,US$11.99,US$18.95
236,Norwegian Wood,Haruki Murakami,04 Jul 2003,Paperback,US$16.92,US$27.75
237,Flow,Mihaly Csikszentmihalyi,24 Jun 2011,Paperback,US$9.92,US$16.99
238,The Intelligent Investor,Benjamin Graham,23 Oct 2003,Paperback,US$23.10,US$24.99
239,Harry Potter y la cámara secreta (Ed. Minalima),J.K. Rowling,28 Oct 2021,Hardback,US$33.47,US$37.40
240,"Jujutsu Kaisen, Vol. 11",Gege Akutami,16 Sep 2021,Paperback,US$33.47,US$37.40
241,"Chainsaw Man, Vol. 6",Tatsuki Fujimoto,14 Oct 2021,Paperback,US$8.94,US$9.99
242,Women Don't Owe You Pretty,Florence Given,18 Jul 2020,Hardback,US$19.00,US$19.00
243,Invisible Women,Caroline Criado Perez,05 Mar 2020,Paperback,US$13.44,US$13.60
244,Think and Grow Rich,Napoleon Hill,01 Sep 2005,Paperback,US$10.24,US$10.24
245,A Court of Frost and Starlight,Sarah J. Maas,05 Jun 2020,Paperback,US$13.07,US$13.07
246,The Montessori Baby,Simone Davies,11 May 2021,Paperback,US$18.87,US$19.95
247,A Man Called Ove,Fredrik Backman,07 May 2015,Paperback,US$9.77,US$12.24
248,There Was an Old Lady Who Swallowed a Fly,,01 Dec 2000,Board book,US$7.12,US$7.12
249,Troubled Blood,Robert Galbraith,24 Jun 2021,Paperback,US$15.78,US$15.78
250,One Of Us Is Next,Karen M. McManus,09 Jan 2020,Paperback,US$11.20,US$11.20
251,Quiet,Susan Cain,31 Oct 2018,Paperback,US$12.96,US$20.25
252,Meditations,Marcus Aurelius,17 Nov 2015,Paperback,US$10.03,US$11.00
253,The Subtle Art of Not Giving a F*ck,Mark Manson,17 Nov 2016,Hardback,US$21.45,US$26.99
254,Foundation,Isaac Asimov,22 Sep 2016,Paperback,US$12.52,US$12.52
255,The Art of War,Sun Tzu,14 Oct 2011,Paperback,US$7.25,US$7.25
256,The Hebridean Baker,Coinneach MacLeod,15 Oct 2021,Hardback,US$26.95,US$27.23
257,The Promise,Damon Galgut,17 Jun 2021,Paperback,US$19.82,US$19.82
258,The Mistake,Elle Kennedy,28 Apr 2015,Paperback,US$14.23,US$15.00
259,Med,Claudia Roden,02 Sep 2021,Hardback,US$40.53,US$40.53
260,To Kill a Kingdom,Alexandra Christo,06 Mar 2018,Paperback,US$14.28,US$14.28
261,The Girl Who Never Made Mistakes,Gary Rubinstein,04 Nov 2011,Hardback,US$17.96,US$17.96
262,Minecraft Annual 2022,Mojang AB,02 Sep 2021,Hardback,US$13.62,US$13.62
263,The Rabbit Listened,Cori Doerrfeld,20 Feb 2018,Hardback,US$30.21,US$30.21
264,Hokusai: The Great Picture Book of Everything,Timothy Clark,30 Sep 2021,Hardback,US$33.56,US$37.50
265,The Everyday Hero Manifesto,Robin Sharma,07 Sep 2021,Paperback,US$23.54,US$23.54
266,This Book Is for You,Worry Lines,12 Oct 2021,Hardback,US$17.56,US$17.56
267,The Only Study Guide You'll Ever Need,Jade Bowler,05 Aug 2021,Paperback,US$15.95,US$20.41
268,The Obstacle is the Way,Ryan Holiday,31 Oct 2018,Paperback,US$11.07,US$13.60
269,Burnout,Gordon Parker,02 Jul 2021,Paperback,US$33.65,US$33.65
270,Attack On Titan Season 1 Part 1 Manga Box Set,Hajime Isayama,07 Feb 2020,Paperback,US$41.30,US$43.96
271,The Hero with a Thousand Faces,Joseph Campbell,01 Feb 2016,Hardback,US$22.18,US$24.95
272,Shoe Dog,Phil Knight,03 May 2018,Paperback,US$15.06,US$15.06
273,The 13-Storey Treehouse,Andy Griffiths,20 Mar 2015,Paperback,US$6.54,US$9.52
274,Look Inside Space,Rob Lloyd Jones,29 Nov 2012,Board book,US$15.84,US$15.84
275,Humankind,Rutger Bregman,13 May 2021,Paperback,US$14.97,US$14.97
276,The Salt Path,Raynor Winn,31 Jan 2019,Paperback,US$12.57,US$13.60
277,Peter Darling,Austin Chant,01 Jun 2021,Paperback,US$13.23,US$13.23
278,Meditations,Marcus Aurelius,06 Feb 2019,Paperback,US$10.79,US$11.00
279,The Lean Startup,Eric Ries,13 Oct 2011,Paperback,US$20.65,US$20.65
280,Leaders Eat Last,Simon Sinek,12 Jul 2017,Paperback,US$15.49,US$15.49
281,Everything I Never Told You,Celeste Ng,13 Nov 2014,Paperback,US$9.99,US$12.24
282,First 100 Words,Roger Priddy,10 May 2011,Board book,US$7.34,US$7.34
283,Dinosaurs Love Underpants,Claire Freedman,05 Jun 2008,Paperback,US$12.51,US$12.51
284,How to Talk so Kids Will Listen and Listen so Kids Will Talk,Adele Faber,05 Dec 2012,Paperback,US$17.48,US$29.25
285,Ikigai,Héctor García,07 Sep 2017,Hardback,US$19.45,US$19.45
286,My Year of Rest and Relaxation,Ottessa Moshfegh,02 May 2019,Paperback,US$14.72,US$14.72
287,Small Pleasures,Clare Chambers,29 Apr 2021,Paperback,US$10.12,US$12.24
288,Ninth House,Leigh Bardugo,20 Oct 2020,Paperback,US$15.33,US$15.33
289,American Psycho,Bret Easton Ellis,08 Jan 2015,Paperback,US$10.83,US$12.24
290,Oi Frog!,Kes Gray,05 Feb 2015,Paperback,US$12.62,US$12.62
291,Look Inside Our World,Emily Bone,30 Dec 2014,Board book,US$15.39,US$15.39
292,Harry Potter Box Set: The Complete Collection (Children's Paperback),J.K. Rowling,01 Dec 2020,Paperback,US$92.54,US$259.95
293,Stick Man,Julia Donaldson,26 Nov 2016,Paperback,US$12.37,US$12.37
294,Mythos,Stephen Fry,26 Jul 2018,Paperback,US$13.85,US$13.85
295,Numbers Don't Lie,Vaclav Smil,01 Apr 2021,Paperback,US$14.39,US$14.39
296,Room on the Broom,Julia Donaldson,25 Aug 2003,Paperback,US$9.24,US$9.24
297,Matilda,Roald Dahl,16 Aug 2007,Paperback,US$8.29,US$8.29
298,I'm a Big Sister,Joanna Cole,01 Apr 2010,Hardback,US$8.27,US$8.27
299,Red Roulette,Desmond Shum,07 Sep 2021,Hardback,US$27.54,US$30.00
300,"Given, Vol. 6",Natsuki Kizu,14 Oct 2021,Paperback,US$11.63,US$12.99
301,Daisy Jones and The Six,Taylor Jenkins Reid,09 Jan 2020,Paperback,US$15.77,US$15.77
302,Scattered Minds,Dr Gabor Mate,03 Jan 2019,Paperback,US$13.99,US$14.96
303,The Score,Elle Kennedy,11 Jan 2016,Paperback,US$14.84,US$15.00
304,Attack On Titan Season 1 Part 2 Manga Box Set,Hajime Isayama,25 Jun 2018,Paperback,US$40.83,US$43.96
305,Spin the Dawn,Elizabeth Lim,04 Mar 2021,Paperback,US$15.80,US$15.80
306,Percy Jackson and the Olympians,Rick Riordan,03 Jun 2014,Paperback,US$45.68,US$45.68
307,American Dirt,Jeanine Cummins,18 Feb 2021,Paperback,US$16.14,US$16.14
308,Look Inside Things That Go,Rob Lloyd Jones,01 Nov 2013,Board book,US$17.08,US$17.08
309,Tabby McTat,Julia Donaldson,01 Dec 2020,Paperback,US$13.66,US$13.66
310,Angel Answers Oracle Cards,Radleigh Valentine,09 Nov 2020,Cards,US$16.27,US$19.99
311,And Away...,Bob Mortimer,16 Sep 2021,Hardback,US$23.54,US$27.23
312,The Hobbit and the Lord of the Rings,J. R. R. Tolkien,21 Oct 2014,Paperback,US$55.71,US$59.99
313,House of Leaves,Mark Z. Danielewski,07 Mar 2000,Paperback,US$28.65,US$28.65
314,Why We Sleep,Matthew Walker,31 Oct 2018,Paperback,US$15.96,US$15.96
315,Educated,Tara Westover,27 Nov 2018,Paperback,US$13.25,US$13.60
316,The Hidden Life of Trees,Peter Wohlleben,22 Nov 2019,Paperback,US$14.82,US$14.82
317,Stuck,Oliver Jeffers,01 May 2012,Paperback,US$15.28,US$15.50
318,Story Of My Home: The Art of Home,The Story Of My Home Team,16 Sep 2021,Hardback,US$22.32,US$22.32
319,Hold on to Your Kids,Dr Gabor Mate,03 Jan 2019,Paperback,US$15.56,US$15.56
320,The Promise,Damon Galgut,17 Jun 2021,Hardback,US$24.93,US$24.93
321,Brain Games For Clever Kids (R),Gareth Moore,01 Oct 2014,Paperback,US$8.25,US$8.25
322,Ethereal Visions,Matt Hughes,01 Oct 2018,Cards,US$20.58,US$23.95
323,Misfits,Michaela Coel,07 Sep 2021,Hardback,US$12.70,US$13.60
324,Harry Potter and the Chamber of Secrets: MinaLima Edition,J.K. Rowling,26 Oct 2021,Hardback,US$39.00,US$43.57
325,Harry Potter and the Philosopher's Stone: MinaLima Edition,J.K. Rowling,27 Mar 2021,Hardback,US$39.27,US$40.85
326,The Real Anthony Fauci,Robert F. Kennedy Jr.,09 Nov 2021,Hardback,US$24.16,US$26.99
327,King of Scars,Leigh Bardugo,05 Mar 2020,Paperback,US$15.13,US$15.13
328,Berserk Deluxe Volume 5,Kentaro Miura,26 Jul 2020,Hardback,US$59.66,US$59.66
329,Heartstopper Volume Three,Alice Oseman,06 Feb 2020,Paperback,US$17.83,US$17.83
330,Peppa Pig: Little Library,Peppa Pig,16 Jun 2011,Board book,US$9.26,US$9.26
331,The Priory of the Orange Tree,Samantha Shannon,06 Feb 2020,Paperback,US$19.53,US$19.53
332,Superworm,Julia Donaldson,07 Jul 2016,Paperback,US$15.47,US$15.47
333,"Good Girl, Bad Blood",Holly Jackson,01 May 2020,Paperback,US$14.01,US$14.01
334,We Hunt the Flame,Hafsah Faizal,29 Jun 2021,Paperback,US$13.97,US$13.97
335,Wheel of Time Premium Boxed Set I,Robert Jordan,29 Oct 2019,Paperback,US$40.22,US$40.22
336,You Can Heal Your Life,Louise Hay,01 Jul 2004,Paperback,US$13.69,US$15.99
337,Beautiful Oops!,Barney Saltzberg,01 Oct 2010,Hardback,US$14.76,US$16.95
338,Zero to One,Blake Masters,31 Oct 2018,Paperback,US$13.14,US$13.49
339,The Wonky Donkey,Craig Smith,30 Nov 2018,Paperback,US$7.75,US$7.75
340,The Mamba Mentality: How I Play,Kobe Bryant,28 Feb 2020,Hardback,US$32.81,US$35.00
341,Una corte de llamas plateadas,Sarah J. Maas,10 Nov 2021,Paperback,US$17.73,US$19.81
342,The Concise 48 Laws Of Power,Robert Greene,13 Jun 2002,Paperback,US$9.85,US$15.50
343,Foundation Trilogy,Isaac Asimov,12 Sep 2014,Hardback,US$21.92,US$31.25
344,Ottolenghi SIMPLE,Yotam Ottolenghi,06 Sep 2018,Hardback,US$36.30,US$36.30
345,The Colour Monster,,01 Mar 2016,Paperback,US$17.23,US$17.23
346,Work Your Light Oracle Cards,Rebecca Campbell,09 Nov 2020,Cards,US$17.61,US$21.99
347,Batman: The World,Brian Azzarello,14 Sep 2021,Paperback,US$23.21,US$24.99
348,Berserk Volume 2,Kentaro Miura,21 Dec 2004,Paperback,US$14.07,US$14.99
349,A Court of Wings and Ruin,Sarah J. Maas,05 Jun 2020,Paperback,US$16.40,US$16.40
350,Monkey Puzzle,Julia Donaldson,13 Sep 2016,Paperback,US$11.03,US$12.25
351,The Nightingale,Kristin Hannah,05 Oct 2017,Paperback,US$14.39,US$14.39
352,The Green Witch,Arin Murphy-Hiscock,19 Oct 2017,Hardback,US$16.40,US$17.99
353,Welcome Home,Najwa Zebian,01 Jun 2021,Paperback,US$16.40,US$17.99
354,November 9,Colleen Hoover,11 Nov 2015,Paperback,US$12.16,US$13.50
355,Press Here,Herve Tullet,19 Feb 2019,Board book,US$10.37,US$10.37
356,The Love Hypothesis,Ali Hazelwood,21 Oct 2021,Paperback,US$12.88,US$12.88
357,Ten Little Fingers and Ten Little Toes,Mem Fox,07 Feb 2011,Board book,US$10.45,US$11.00
358,The High 5 Habit,Mel Robbins,28 Sep 2021,Paperback,US$17.49,US$19.54
359,Show Your Work!,Austin Kleon,11 Mar 2014,Paperback,US$12.99,US$12.99
360,The Barefoot Investor,Scott Pape,01 Jul 2018,Paperback,US$18.15,US$21.00
361,Josh and Hazel's Guide to Not Dating,Christina Lauren,08 Aug 2019,Paperback,US$9.86,US$12.24
362,Together,Jamie Oliver,02 Sep 2021,Hardback,US$37.36,US$37.36
363,The Body Keeps the Score,Bessel Van Der Kolk,08 Sep 2015,Paperback,US$17.76,US$19.00
364,The Gruffalo's Child,Julia Donaldson,01 Mar 2007,Paperback,US$8.30,US$8.30
365,The Poppy War,R.F. Kuang,18 Oct 2018,Paperback,US$15.74,US$15.74
366,"Asesino de Brujas - Vol. 3. La Doncella, La Bruja Y La Arpia",Shelby Mahurin,26 Oct 2021,Paperback,US$17.18,US$18.95
367,The Crown of Gilded Bones,Jennifer L Armentrout,08 Jun 2021,Hardback,US$35.37,US$35.37
368,Little Bont and the Big Secret,Marcus Bontempelli,26 Oct 2021,Hardback,US$13.32,US$14.47
369,Four Thousand Weeks,Oliver Burkeman,26 Aug 2021,Paperback,US$30.58,US$30.58
370,How To Talk So Little Kids Will Listen,Joanna Faber,26 Jan 2017,Paperback,US$16.87,US$17.69
371,The Secret,Rhonda Byrne,04 Dec 2006,Hardback,US$19.89,US$26.75
372,Convenience Store Woman,Sayaka Murata,05 Aug 2019,Paperback,US$14.11,US$14.11
373,The Choice,Edith Eger,16 Aug 2018,Paperback,US$14.08,US$14.96
374,Call Me By Your Name,Andre Aciman,21 Dec 2017,Paperback,US$15.81,US$15.81
375,In the Realm of Hungry Ghosts,Dr Gabor Mate,04 Oct 2018,Paperback,US$15.53,US$15.53
376,The Invisible Life of Addie LaRue,V.E. Schwab,06 Oct 2020,Hardback,US$23.35,US$24.50
377,Attack on Titan 34,Hajime Isayama,19 Oct 2021,Paperback,US$9.86,US$10.99
378,The Seven Sisters,Lucinda Riley,01 Nov 2018,Paperback,US$15.72,US$15.72
379,Heartstopper Volume Two,Alice Oseman,20 Dec 2019,Paperback,US$16.82,US$16.82
380,Aristotle and Dante Discover the Secrets of the Universe,Benjamin Alire Saenz,25 Feb 2015,Paperback,US$13.89,US$14.99
381,Tomie: Complete Deluxe Edition,Junji Ito,20 Dec 2016,Hardback,US$34.13,US$34.99
382,"Hunter x Hunter, Vol. 5",Yoshihiro Togashi,22 Sep 2016,Paperback,US$10.31,US$10.31
383,Circe,Madeline Miller,19 Apr 2018,Hardback,US$25.24,US$25.24
384,As Good As Dead,Holly Jackson,05 Aug 2021,Paperback,US$13.84,US$13.84
385,The Huge Bag of Worries,Virginia Ironside,06 Jan 2011,Paperback,US$12.37,US$12.37
386,"The Case Study of Vanitas, Vol. 3",Jun Mochizuki,14 Nov 2017,Paperback,US$12.42,US$13.00
387,The Gruffalo,Julia Donaldson,02 Mar 2006,Paperback,US$8.30,US$8.30
388,The Dinosaur's Diary,Julia Donaldson,28 Mar 2002,Paperback,US$7.59,US$8.16
389,"One Piece, Vol. 97",Eiichiro Oda,28 Oct 2021,Paperback,US$9.79,US$9.99
390,"My Hero Academia, Vol. 25",Kohei Horikoshi,29 Oct 2020,Paperback,US$10.31,US$10.31
391,Judgement Detox,Gabrielle Bernstein,02 Jan 2018,Paperback,US$20.93,US$20.93
392,Malibu Rising,Taylor Jenkins Reid,01 Jun 2021,Paperback,US$18.25,US$18.25
393,Dare to Lead,Brené Brown,17 Dec 2018,Paperback,US$20.12,US$20.41
394,$100M Offers,Alex Hormozi,13 Jul 2021,Hardback,US$25.43,US$25.43
395,Our Dreams at Dusk: Shimanami Tasogare Vol. 4,Yuhki Kamatani,17 Dec 2019,Paperback,US$13.17,US$13.17
396,No One Is Talking About This,Patricia Lockwood,16 Feb 2021,Hardback,US$20.10,US$20.41
397,Shadow and Bone: Now a Netflix Original Series,Leigh Bardugo,28 Jun 2018,Paperback,US$14.00,US$14.00
398,Shadow and Bone: Siege and Storm,Leigh Bardugo,28 Jun 2018,Paperback,US$13.87,US$13.87
399,Rule of Wolves (King of Scars Book 2),Leigh Bardugo,30 Mar 2021,Hardback,US$24.71,US$24.71
400,Brief Answers to the Big Questions,Stephen Hawking,05 Mar 2020,Paperback,US$15.14,US$15.14
401,Born A Crime,Trevor Noah,21 Sep 2017,Paperback,US$11.60,US$13.60
402,House of Hollow,Krystal Sutherland,06 Apr 2021,Paperback,US$11.61,US$11.61
403,The Squirrels Who Squabbled,Rachel Bright,08 Feb 2018,Paperback,US$12.84,US$12.84
404,Great Circle,Maggie Shipstead,04 May 2021,Hardback,US$23.95,US$23.95
405,AI 2041,Kai-Fu Lee,16 Sep 2021,Paperback,US$22.78,US$22.78
406,Meditations,Marcus Aurelius,21 Nov 2012,Paperback,US$5.91,US$9.48
407,"The Boy Who Was Raised as a Dog, 3rd Edition",Bruce D. Perry,31 Aug 2017,Paperback,US$16.21,US$18.99
408,Lord of the Flies,William Golding,15 Jul 2011,Paperback,US$9.63,US$11.00
409,The Soulmate Equation,Christina Lauren,05 Aug 2021,Paperback,US$14.20,US$14.20
410,Live No Lies,John Mark Comer,28 Sep 2021,Hardback,US$22.88,US$23.13
411,The Magician,Colm Toibin,23 Sep 2021,Hardback,US$26.61,US$26.61
412,Percy Jackson and the Lightning Thief (Book 1),RIck Riordan,04 Jul 2013,Paperback,US$18.01,US$18.01
413,How to Win Friends and Influence People,Dale Carnegie,16 Aug 2010,Paperback,US$9.62,US$9.62
414,Almond,Won-Pyung Sohn,22 Jul 2021,Paperback,US$15.47,US$16.99
415,"Influence, New and Expanded UK","Robert B Cialdini, PhD",13 May 2021,Paperback,US$21.66,US$21.66
416,Talk To Me In Korean Level 1 (downloadable Audio Files Included),Talktomeinkorean Talktomeinkorean,28 Dec 2015,Paperback,US$17.78,US$24.99
417,The 7 Habits of Highly Effective People,Stephen R Covey,19 May 2020,Paperback,US$17.55,US$18.99
418,The Art of More,Michael Brooks,31 Aug 2021,Paperback,US$34.14,US$34.14
419,Nonviolent Communication 3rd Ed,Rosenberg M,28 Dec 2015,Paperback,US$19.64,US$19.95
420,The Wim Hof Method,Wim Hof,24 Sep 2020,Hardback,US$22.80,US$23.13
421,Women Who Run With The Wolves,Clarissa Pinkola Estes,07 Feb 2008,Paperback,US$19.17,US$20.55
422,"Richer, Wiser, Happier",William Green,29 Apr 2021,Paperback,US$20.70,US$20.70
423,Adult Children of Emotionally Immature Parents,Lindsay C Gibson,25 Jun 2015,Paperback,US$14.04,US$18.95
424,In Five Years,Rebecca Serle,01 Oct 2020,Paperback,US$12.70,US$12.70
425,The Wrath and the Dawn,Renee Ahdieh,06 Apr 2017,Paperback,US$14.16,US$14.16
426,Mistborn Trilogy Boxed Set,Brandon Sanderson,14 May 2015,Paperback,US$44.78,US$44.78
427,Harry Potter and the Philosopher's Stone,J.K. Rowling,01 Sep 2014,Paperback,US$15.85,US$15.85
428,Red Queen,Victoria Aveyard,16 Jul 2015,Paperback,US$14.09,US$14.09
429,Once Upon a Time in Hollywood,Quentin Tarantino,29 Jun 2021,Paperback,US$9.72,US$12.24
430,Press Here,Herve Tullet,01 Apr 2011,Hardback,US$16.02,US$16.02
431,Wonder,R. J. Palacio,23 Jan 2013,Paperback,US$14.80,US$18.00
432,The Eye Of The World,Robert Jordan,16 Sep 2021,Paperback,US$14.15,US$14.15
433,Little Fires Everywhere,Celeste Ng,22 May 2018,Paperback,US$14.70,US$14.70
434,The Silence of the Girls,Pat Barker,18 Jul 2019,Paperback,US$13.70,US$13.70
435,Clean Code,Robert Martin,01 Mar 2009,Paperback,US$44.42,US$49.99
436,A Gentleman in Moscow,Amor Towles,02 Nov 2017,Paperback,US$14.88,US$14.88
437,To Kill A Mockingbird,Harper Lee,29 Dec 2010,Paperback,US$12.46,US$12.46
438,Gangsta Granny,David Walliams,28 Feb 2013,Paperback,US$9.21,US$9.21
439,Cloud Cuckoo Land (Export),Anthony Doerr,28 Sep 2021,Paperback,US$24.26,US$24.26
440,The Picture of Dorian Gray,Oscar Wilde,01 Aug 1997,Paperback,US$4.99,US$5.99
441,Gribet,Janine Davis,30 Sep 2021,Paperback,US$12.88,US$12.88
442,Moonology (TM) Diary 2022: THE SUNDAY TIMES BESTSELLER,Yasmin Boland,27 Jul 2021,Paperback,US$15.47,US$16.99
443,The Gardeners' World Almanac,,09 Sep 2021,Hardback,US$22.42,US$23.13
444,Rick Stein at Home,Rick Stein,30 Nov 2021,Hardback,US$37.24,US$49.95
445,Twisted Tales: Enchanted Collection (Disney),,01 Aug 2021,Paperback,US$61.65,US$79.64
446,The Proof is in the Plants,Simon Hill,01 Nov 2021,Paperback,US$35.63,US$35.63
447,Billy Summers,Stephen King,03 Aug 2021,Hardback,US$27.66,US$27.66
448,Air Marshal Sir Keith Park,Murray Rowlands,04 Mar 2021,Hardback,US$24.05,US$39.95
449,Berserk Deluxe Volume 9,Kentaro Miura,09 Nov 2021,Hardback,US$44.74,US$49.99
450,Berserk Deluxe Volume 7,Kentaro Miura,09 Mar 2021,Hardback,US$55.75,US$55.75
451,Short Stories in French for Beginners,Olly Richards,13 Nov 2018,Paperback,US$13.92,US$14.99
452,Unbound,Tarana Burke,14 Sep 2021,Hardback,US$21.20,US$27.23
453,"Fire Punch, Vol. 3",Tatsuki Fujimoto,09 Aug 2018,Paperback,US$10.93,US$12.99
454,Lost Connections,Johann Hari,11 Jan 2019,Paperback,US$14.84,US$14.96
455,Empire of the Vampire,Jay Kristoff,14 Sep 2021,Hardback,US$32.14,US$32.14
456,The Underground Railroad,Colson Whitehead,29 Jun 2017,Paperback,US$13.99,US$13.99
457,Where Is Baby's Belly Button?,Karen Katz,26 Feb 2015,Board book,US$7.16,US$7.16
458,Holes,Louis Sachar,30 Sep 2011,Paperback,US$8.89,US$8.99
459,"Thinking, Fast and Slow","Daniel Kahneman (Princeton University, New Jersey)",05 Apr 2013,Paperback,US$19.33,US$19.33
460,Bully,Penelope Douglas,06 Nov 2014,Paperback,US$18.38,US$18.38
461,PlantYou,Carleigh Bodrug,10 Feb 2022,Hardback,US$26.85,US$30.00
462,Brave New World,Aldous Huxley,02 Sep 2004,Paperback,US$11.01,US$11.01
463,The 4-Hour Work Week,Timothy Ferriss,12 Jun 2013,Paperback,US$18.69,US$18.69
464,Rejected Princesses,Jason Porath,01 Dec 2016,Hardback,US$32.45,US$32.45
465,Dinosaur Therapy,James Stewart,19 Aug 2021,Hardback,US$32.45,US$32.45
466,River Kings,Cat Jarman,02 Sep 2021,Paperback,US$13.57,US$13.60
467,Zero Negativity,Ant Middleton,22 Feb 2022,Paperback,US$16.99,US$16.99
468,Foundation and Empire,Isaac Asimov,06 Oct 2016,Paperback,US$7.67,US$12.24
469,The One and Only Ivan,Katherine Applegate,01 Oct 2017,Paperback,US$15.74,US$15.74
470,"Hunt, Gather, Parent",Michaeleen Doucleff,02 Mar 2021,Hardback,US$25.26,US$27.00
471,Life Force,Louise Fletcher,07 Oct 2021,Hardback,US$44.75,US$50.00
472,My New Baby,,01 Feb 2010,Board book,US$8.25,US$8.25
473,Lovers of Philosophy,Warren Ward,21 Jan 2022,Paperback,US$13.50,US$13.99
474,The Postscript Murders,Elly Griffiths,15 Apr 2021,Paperback,US$15.40,US$15.40
475,The Bear and The Nightingale,Katherine Arden,15 Dec 2017,Paperback,US$16.06,US$16.06
476,The Overstory,Richard Powers,01 Jul 2019,Paperback,US$18.13,US$18.13
477,Neon Gods,Katee Robert,01 Jun 2021,Paperback,US$16.14,US$16.14
478,Akira 35th Anniversary Box Set,Katsuhiro Otomo,01 Jan 2021,Hardback,US$222.85,US$222.85
479,Waking the Tiger: Healing Trauma,Peter A. Levine,02 May 2017,Paperback,US$18.23,US$18.95
480,Unravel the Dusk,Elizabeth Lim,01 Jun 2021,Paperback,US$15.99,US$15.99
481,Rita Hayworth and Shawshank Redemption,Stephen King,29 Sep 2020,Paperback,US$13.86,US$13.86
482,Last Night at the Telegraph Club,Malinda Lo,18 Mar 2021,Paperback,US$15.53,US$15.53
483,King of Scars,Leigh Bardugo,05 Feb 2019,Hardback,US$19.58,US$20.41
484,Range,David Epstein,01 Oct 2020,Paperback,US$13.39,US$14.96
485,It Ends with Us,Colleen Hoover,02 Aug 2016,Paperback,US$16.17,US$16.99
486,Home Body,Rupi Kaur,17 Nov 2020,Paperback,US$16.03,US$17.69
487,Studio Ghibli: 100 Collectible Postcards,,20 Aug 2019,Postcard book or pack,US$25.40,US$25.40
488,"Haikyu!!, Vol. 6",Haruichi Furudate,15 Dec 2016,Paperback,US$10.31,US$10.31
489,Zog,Julia Donaldson,14 Mar 2017,Paperback,US$13.31,US$13.31
490,Where's Wally?,Martin Handford,26 Jul 2011,Paperback,US$9.46,US$9.46
491,We Free the Stars,Hafsah Faizal,19 Jan 2021,Paperback,US$18.35,US$18.35
492,Under the Whispering Door,Tj Klune,01 Oct 2021,Hardback,US$25.11,US$26.99
493,Love You Forever,Robert Munsch,01 Sep 1995,Paperback,US$6.73,US$6.73
494,The Prince,Niccolo Machiavelli,02 Jan 2000,Paperback,US$3.39,US$3.39
495,Psycho-Cybernetics,Maxwell Maltz,21 Jun 2017,Paperback,US$15.47,US$17.00
496,The Man Who Mistook His Wife for a Hat,Oliver Sacks,02 Sep 2011,Paperback,US$20.90,US$20.90
497,Letters from a Stoic,Seneca,23 Aug 2017,Paperback,US$15.47,US$17.00
498,Eleanor Oliphant is Completely Fine,Gail Honeyman,05 Apr 2018,Paperback,US$14.59,US$14.59
499,The War of Art,Steven Pressfield,11 Jan 2012,Paperback,US$16.71,US$16.71
500,My Mouth is a Volcano!,Julia Cook,01 Oct 2005,Paperback,US$10.27,US$10.27
501,The Little Book of Joy,Joanne Ruelos Diaz,02 Sep 2021,Hardback,US$21.00,US$21.00
502,The 48 Laws Of Power,Robert Greene,20 Nov 2000,Paperback,US$26.83,US$26.83
503,The Great Gatsby,F. Scott Fitzgerald,01 Dec 1999,Paperback,US$4.25,US$5.99
504,Don't Let the Pigeon Drive the Bus!,Mo Willems,22 Jul 2011,Paperback,US$12.36,US$12.75
505,Better Off Dead,Lee Child,26 Oct 2021,Paperback,US$21.38,US$23.89
506,The Book Thief,Markus Zusak,11 Oct 2016,Paperback,US$13.98,US$13.98
507,The Age of Surveillance Capitalism,Professor Shoshana Zuboff,05 Sep 2019,Paperback,US$16.90,US$17.69
508,The Sweetest Oblivion,Danielle Lori,20 Jun 2018,Paperback,US$18.57,US$18.57
509,"Monstress, Volume 6: The Vow",Marjorie Liu,21 Sep 2021,Paperback,US$16.08,US$16.99
510,Awaken Your Power Within,Gerry Hussey,13 May 2021,Paperback,US$24.11,US$24.11
511,A Court of Mist and Fury,Sarah J. Maas,06 Jun 2020,Paperback,US$15.86,US$15.86
512,Gravity Falls: Journal 3,Alex Hirsch,02 Aug 2016,Hardback,US$27.01,US$27.01
513,Ace of Spades,Faridah Àbíké-Íyímídé,10 Jun 2021,Paperback,US$14.07,US$14.07
514,You Are a Badass,Jen Sincero,13 Oct 2016,Paperback,US$14.36,US$14.36
515,"The Long Way to a Small, Angry Planet",Becky Chambers,31 Dec 2015,Paperback,US$8.64,US$8.64
516,Diary of an Oxygen Thief,Anonymous,25 Aug 2016,Paperback,US$15.07,US$15.07
517,Fahrenheit 451,Ray Bradbury,23 May 2012,Paperback,US$9.54,US$9.54
518,solanin,Inio Asano,19 Apr 2018,Paperback,US$20.00,US$20.00
519,Troy,Stephen Fry,22 Jul 2021,Paperback,US$13.68,US$13.68
520,Dead Poets Society,N.H. Kleinbaum,07 Dec 2006,Paperback,US$8.25,US$8.25
521,The House in the Cerulean Sea,TJ Klune,08 Feb 2021,Paperback,US$17.46,US$18.99
522,The Writing Revolution,Judith C. Hochman,29 Sep 2017,Paperback,US$25.61,US$32.95
523,Steal Like an Artist,Austin Kleon,01 May 2012,Paperback,US$10.44,US$12.95
524,Just Kids,Patti Smith,04 Jan 2011,Paperback,US$13.21,US$14.01
525,Women Who Run with the Wolves,Clarissa Pinkola Estes,01 Jan 1997,Paperback,US$9.72,US$9.72
526,"Bungo Stray Dogs, Vol. 2",Kafka Asagiri,21 Mar 2017,Paperback,US$12.36,US$13.00
527,In Order To Live,Yeonmi Park,07 Jul 2016,Paperback,US$12.79,US$13.60
528,George's Marvelous Medicine,Roald Dahl,16 Aug 2007,Paperback,US$7.12,US$7.99
529,How to Change Your Mind,Michael Pollan,18 Jul 2019,Paperback,US$14.72,US$14.96
530,All the Light We Cannot See,Anthony Doerr,01 May 2015,Paperback,US$13.98,US$13.98
531,"Toilet-bound Hanako-kun, Vol. 1",Aidalro,28 Jan 2020,Paperback,US$12.07,US$13.00
532,"Jujutsu Kaisen, Vol. 12",Gege Akutami,28 Oct 2021,Paperback,US$10.52,US$10.52
533,The Greatest Feeling in the World,Tim Sattler-Jones,30 Nov 2021,Paperback,US$19.43,US$21.71
534,The Perks of Being a Wallflower,Stephen Chbosky,10 Feb 2009,Paperback,US$13.34,US$13.34
535,The Happiness Trap,Russ Harris,26 Jun 2008,Paperback,US$17.39,US$17.39
536,The Dandy Annual 2022,,01 Aug 2021,Hardback,US$15.55,US$15.55
537,Ottolenghi FLAVOUR,Yotam Ottolenghi,10 Sep 2020,Hardback,US$37.96,US$37.96
538,Homo Deus,Yuval Noah Harari,06 Apr 2017,Paperback,US$16.60,US$16.60
539,The Starless Sea,Erin Morgenstern,06 Aug 2020,Paperback,US$16.31,US$16.31
540,Prisoners of Geography,Tim Marshall,02 Jun 2016,Paperback,US$14.86,US$14.86
541,"Kinship: Belonging in a World of Relations, 5-Volume Set",,18 Nov 2021,Paperback,US$130.90,US$130.90
542,Berserk Volume 3,Kentaro Miura,21 Dec 2004,Paperback,US$13.92,US$14.99
543,Throne of Glass Box Set,Sarah J. Maas,01 Nov 2019,Hardback,US$160.32,US$160.32
544,On Earth We're Briefly Gorgeous,Ocean Vuong,17 Sep 2020,Paperback,US$15.94,US$15.94
545,Invention,James Dyson,02 Sep 2021,Paperback,US$21.66,US$21.66
546,"Hunter x Hunter, Vol. 20",Yoshihiro Togashi,22 Sep 2016,Paperback,US$10.31,US$10.31
547,The Highway Rat,Julia Donaldson,01 Dec 2020,Paperback,US$9.92,US$9.92
548,The Tarot of Curious Creatures,Chris-Anne,02 Nov 2021,Cards,US$19.16,US$26.99
549,Super Extra Deluxe Essential Handbook,Scholastic,05 Aug 2021,Paperback,US$18.70,US$18.70
550,The Ballad of Songbirds and Snakes (A Hunger Games Novel),Suzanne Collins,08 Jul 2021,Paperback,US$14.97,US$14.97
551,Dr. Seuss's ABC,Dr. Seuss,26 Nov 1996,Board book,US$5.60,US$5.60
552,"Moo, Baa, La La La!",Sandra Boynton,30 Nov 1982,Board book,US$6.49,US$6.49
553,Warbreaker,Brandon Sanderson,29 Dec 2011,Paperback,US$17.17,US$19.50
554,The Name of the Wind,Patrick Rothfuss,30 Jun 2008,Paperback,US$14.21,US$14.22
555,Nina Simone's Gum,Warren Ellis,19 Oct 2021,Hardback,US$26.11,US$27.95
556,China Coup,Roger Garside,01 Jun 2021,Hardback,US$24.09,US$24.09
557,The Richest Man In Babylon,George S Clason,31 Oct 2018,Paperback,US$8.89,US$9.99
558,Teach Yourself to Sleep,Kate Mikhail,10 Jun 2021,Paperback,US$15.94,US$20.41
559,The Menopause Manifesto,Dr. Jennifer Gunter,25 May 2021,Paperback,US$23.06,US$23.06
560,I Know Why the Caged Bird Sings,Maya Angelou,21 Apr 2009,Paperback,US$8.17,US$8.17
561,The Origins of Totalitarianism,Hannah Arendt,13 Apr 2017,Paperback,US$17.24,US$17.24
562,The Tyranny of Merit,Michael J. Sandel,14 Sep 2021,Paperback,US$12.67,US$13.60
563,The Book With No Pictures,B. J. Novak,04 Feb 2016,Paperback,US$12.45,US$12.45
564,Peepo! (Board Book),Allan Ahlberg,21 Jun 2011,Board book,US$9.84,US$13.75
565,Hear Yourself,Prem Rawat,30 Sep 2021,Hardback,US$23.73,US$26.99
566,Gods & Monsters,Shelby Mahurin,01 Aug 2021,Paperback,US$14.48,US$14.48
567,The Guest List,Lucy Foley,17 Sep 2020,Paperback,US$12.84,US$12.84
568,We Should All Be Feminists,Chimamanda Ngozi Adichie,14 Dec 2015,Paperback,US$10.05,US$10.05
569,Second Foundation,Isaac Asimov,22 Sep 2016,Paperback,US$14.38,US$14.38
570,Fahrenheit 451,Ray Bradbury,16 Mar 2018,Paperback,US$12.66,US$17.75
571,From One Mom to a Mother,Jessica Urlichs,30 Jul 2020,Paperback,US$11.88,US$13.50
572,The Charm Offensive,Alison Cochrun,07 Sep 2021,Paperback,US$15.17,US$17.00
573,"Dragon Ball Super, Vol. 14",Akira Toriyama,30 Sep 2021,Paperback,US$10.31,US$10.31
574,"Spy x Family, Vol. 6",Tatsuya Endo,28 Oct 2021,Paperback,US$8.98,US$9.99
575,Twilight,Stephenie Meyer,11 May 2007,Paperback,US$14.67,US$17.75
576,Pride and Prejudice,Jane Austen,01 Aug 1997,Paperback,US$5.87,US$5.99
577,Embroidering the Everyday,Cas Holmes,07 Sep 2021,Hardback,US$32.50,US$34.99
578,Four Thousand Weeks,Oliver Burkeman,26 Aug 2021,Hardback,US$21.72,US$23.13
579,The Starseed Oracle,Rebecca Campbell,13 Jan 2020,Cards,US$20.91,US$24.99
580,The Tattooist of Auschwitz,Heather Morris,18 Oct 2018,Paperback,US$9.81,US$12.24
581,Atlas of the Heart,Brene Brown,30 Nov 2021,Hardback,US$24.37,US$27.23
582,Ego is the Enemy,Ryan Holiday,31 Oct 2018,Paperback,US$11.34,US$15.87
583,Credence,Penelope Douglas,13 Jan 2020,Paperback,US$21.47,US$21.47
584,Blue Period 2,Tsubasa Yamaguchi,05 Jan 2021,Paperback,US$12.07,US$12.99
585,Wotakoi: Love Is Hard for Otaku 5,Fujita,05 Oct 2021,Paperback,US$16.10,US$17.99
586,Providence Compendium,Alan Moore,14 Sep 2021,Paperback,US$31.85,US$31.85
587,Layla,Colleen Hoover,08 Dec 2020,Paperback,US$12.46,US$14.95
588,"Gideon Falls Deluxe Edition, Book One",Jeff Lemire,28 Sep 2021,Hardback,US$46.19,US$49.99
589,Happy Sexy Millionaire,Steven Bartlett,25 Mar 2021,Hardback,US$18.57,US$19.99
590,Shadow and Bone: Ruin and Rising,Leigh Bardugo,28 Jun 2018,Paperback,US$11.06,US$11.06
591,The Smartest Giant in Town,Julia Donaldson,12 Sep 2016,Paperback,US$18.84,US$18.84
592,The Perks of Being a Wallflower,Stephen Chbosky,11 Jan 2013,Paperback,US$9.64,US$15.25
593,"Hunter x Hunter, Vol. 6",Yoshihiro Togashi,22 Sep 2016,Paperback,US$10.31,US$10.31
594,Live Beautiful,Athena Calderone,03 Mar 2020,Hardback,US$41.95,US$41.95
595,The Maidens,Alex Michaelides,10 Jun 2021,Hardback,US$17.47,US$20.41
596,Throne of Glass,Sarah J. Maas,26 Feb 2015,Paperback,US$12.46,US$12.46
597,MEDICAL MEDIUM CLEANSE TO HEAL,Anthony William,10 Jun 2020,Hardback,US$37.42,US$37.42
598,Once Upon a Broken Heart,Stephanie Garber,28 Sep 2021,Hardback,US$24.77,US$24.77
599,Meditations,Marcus Aurelius,10 Feb 2020,Hardback,US$11.03,US$12.99
600,A Slow Fire Burning,Paula Hawkins,01 Sep 2021,Paperback,US$20.11,US$20.41
601,Ranger 22,Ray Goggins,03 Nov 2021,Paperback,US$20.64,US$22.95
602,My Money My Way,Kumiko Love,01 Feb 2022,Hardback,US$23.27,US$26.00
603,Tarot of the Divine,Yoshi Yoshitani,30 Nov 2020,Cards,US$19.86,US$19.99
604,The Design of Everyday Things,Donald A. Norman,14 Nov 2013,Paperback,US$17.46,US$17.99
605,The Fortune Men,Nadifa Mohamed,27 May 2021,Hardback,US$21.28,US$21.28
606,Possum Magic,Mem Fox,15 Sep 1991,Paperback,US$9.18,US$9.18
607,The Artist's Way,Julia Cameron,08 Nov 2016,Paperback,US$18.37,US$18.37
608,Revolting Rhymes,Roald Dahl,15 Jul 2011,Paperback,US$8.63,US$8.63
609,Crier's War,Nina Varela,17 Sep 2020,Paperback,US$11.86,US$11.86
610,"Hunt, Gather, Parent",Michaeleen Doucleff,04 Mar 2021,Paperback,US$20.85,US$20.85
611,Rock Paper Scissors,Alice Feeney,19 Aug 2021,Paperback,US$13.05,US$13.05
612,Gild,Raven Kennedy,01 Oct 2020,Paperback,US$19.60,US$19.60
613,The Fortnight in September,R C Sherriff,07 Sep 2021,Paperback,US$15.38,US$16.00
614,Demon Slayer Complete Box Set,Koyoharu Gotouge,11 Nov 2021,Paperback,US$178.99,US$199.99
615,"JoJo's Bizarre Adventure: Part 5--Golden Wind, Vol. 1",Hirohiko Araki,14 Oct 2021,Hardback,US$21.14,US$21.14
616,Between us,Ruby Dhal,31 Oct 2021,Paperback,US$13.42,US$14.99
617,The Seven Principles For Making Marriage Work,John Gottman,22 Mar 2018,Paperback,US$16.14,US$16.14
618,Cook As You Are,Ruby Tandoh,07 Oct 2021,Paperback,US$25.65,US$27.22
619,The Passenger,Ulrich Alexander Boschwitz,01 Apr 2021,Paperback,US$18.19,US$18.19
620,Wings of Fire 6-10 Boxed Set: the Jade Mountain Prophecy,"Tui,T Sutherland",01 Nov 2020,Paperback,US$41.79,US$43.43
621,ACT Made Simple,Russ Harris,27 Jun 2019,Paperback,US$32.79,US$44.95
622,Can't Hurt Me,David Goggins,10 Mar 2020,Paperback,US$26.23,US$26.23
623,This is How You Lose the Time War,Amal El-Mohtar,18 Jul 2019,Paperback,US$15.56,US$15.56
624,"Authentically, Uniquely You",Joyce Meyer,16 Sep 2021,Paperback,US$15.48,US$20.41
625,Dune,Frank Herbert,03 Sep 2021,Paperback,US$12.89,US$13.60
626,The Storm Sister,Lucinda Riley,21 Mar 2019,Paperback,US$23.47,US$23.47
627,I Wanna Be Yours,John Cooper Clarke,01 Oct 2021,Paperback,US$16.32,US$16.95
628,The Moon Sister,Lucinda Riley,11 Jul 2019,Paperback,US$16.51,US$16.51
629,Bad Blood,John Carreyrou,11 Jul 2019,Paperback,US$20.07,US$20.07
630,Principles,Ray Dalio,06 Nov 2017,Hardback,US$30.67,US$30.67
631,The Miracle Morning,Hal Elrod,27 Mar 2018,Paperback,US$10.69,US$12.99
632,What Really Happened In Wuhan,Sharri Markson,30 Sep 2021,Hardback,US$25.95,US$28.99
633,"Goodnight, Goodnight Construction Site",Sherri Duskey Rinke,14 Feb 2017,Board book,US$9.39,US$9.39
634,The 26-Storey Treehouse,Andy Griffiths,07 May 2015,Paperback,US$12.18,US$12.18
635,"JoJo's Bizarre Adventure: Part 1--Phantom Blood, Vol. 3",Hirohiko Araki,27 Aug 2015,Hardback,US$21.02,US$21.02
636,Harry Potter and the Chamber of Secrets,J.K. Rowling,11 Sep 2014,Paperback,US$10.38,US$10.88
637,Glass Sword,Victoria Aveyard,28 Jul 2016,Paperback,US$15.17,US$15.17
638,Fantastically Great Women Who Changed The World,Kate Pankhurst,08 Sep 2016,Paperback,US$11.95,US$11.95
639,Extreme Ownership,Jocko Willink,06 Dec 2017,Hardback,US$20.90,US$27.99
640,The Shadows Between Us,Tricia Levenseller,25 Feb 2020,Hardback,US$19.11,US$19.11
641,The Boy Who Made Everyone Laugh,Helen Rutter,04 Feb 2021,Paperback,US$10.94,US$10.94
642,David Attenborough: Volume 34,Maria Isabel Sanchez Vegara,04 Feb 2020,Hardback,US$18.13,US$18.13
643,Milkman,Anna Burns,01 Nov 2018,Paperback,US$11.92,US$12.24
644,Mr Salary,Sally Rooney,03 Jan 2019,Paperback,US$7.80,US$7.80
645,The Bell Jar,Sylvia Plath,02 Jun 2005,Paperback,US$13.36,US$13.36
646,A Doll's House,Henrik Ibsen,02 Jan 2000,Paperback,US$3.60,US$3.60
647,Persepolis,Marjane Satrapi,01 Jun 2004,Paperback,US$14.56,US$16.00
648,"Women, Food, and Hormones",Sara Gottfried,21 Sep 2021,Hardback,US$14.56,US$16.00
649,The Roommate,Rosie Danan,15 Sep 2020,Paperback,US$24.22,US$24.22
650,Rebecca,Daphne Du Maurier,03 May 2016,Paperback,US$18.33,US$18.33
651,The Whole Truth,Cara Hunter,29 Apr 2021,Paperback,US$14.48,US$14.48
652,A Clockwork Orange,Anthony Burgess,16 Jun 2011,Paperback,US$9.54,US$18.25
653,The Complete Gardener,Monty Don,04 May 2021,Hardback,US$33.68,US$33.68
654,"Index, A History of the",Dennis Duncan,02 Sep 2021,Hardback,US$26.58,US$27.23
655,The Boy Who Harnessed the Wind,William Kamkwamba,05 Jan 2016,Paperback,US$9.46,US$9.46
656,Pride and Prejudice,Jane Austen,06 Dec 2012,Paperback,US$10.40,US$10.40
657,Perfume,Patrick Süskind,01 Apr 2010,Paperback,US$16.81,US$19.75
658,Outliers,Malcolm Gladwell,04 Jun 2009,Paperback,US$10.14,US$10.14
659,Charlotte's Web,E B White,10 Apr 2012,Paperback,US$9.28,US$9.28
660,Serpent & Dove,Shelby Mahurin,03 Sep 2020,Paperback,US$12.33,US$12.99
661,An Innocent Baby,Cathy Glass,21 Sep 2021,Paperback,US$9.34,US$9.34
662,Loveless,Alice Oseman,20 Jul 2020,Paperback,US$13.39,US$13.39
663,The Well Gardened Mind,Sue Stuart-Smith,29 Apr 2021,Paperback,US$17.11,US$17.11
664,What Do People Do All Day?,Richard Scarry,08 Mar 2018,Paperback,US$10.17,US$13.25
665,Untangle Your Anxiety,Dean Stott,09 Mar 2021,Paperback,US$17.53,US$17.53
666,CALENDARIO 2022. CARLES DALMAU,CARLES DALMAU,02 Sep 2021,Calendar,US$18.77,US$18.77
667,Still Standing,Jessica Quinn,14 Sep 2021,Paperback,US$33.55,US$33.55
668,Dessert Person,Claire Saffitz,20 Oct 2020,Hardback,US$34.71,US$35.00
669,"Chainsaw Man, Vol. 8",Tatsuki Fujimoto,23 Dec 2021,Paperback,US$11.44,US$11.44
670,"Mashle: Magic and Muscles, Vol. 1",Hajime Komoto,16 Sep 2021,Paperback,US$13.79,US$13.79
671,A Shadow in the Ember,Jennifer L Armentrout,19 Oct 2021,Hardback,US$28.63,US$31.99
672,The Dessert Game,Reynold Poernomo,02 Nov 2021,Paperback,US$25.58,US$26.78
673,Women Don't Owe You Pretty,Florence Given,09 Sep 2021,Paperback,US$7.69,US$10.88
674,The Dessert Game,Reynold Poernomo,11 Nov 2021,Paperback,US$28.92,US$31.99
675,The Seven Spiritual Laws of Success,Deepak Chopra,09 Mar 2015,Paperback,US$8.20,US$8.95
676,Capitalist Realism - Is there no alternative?,Mark Fisher,09 Dec 2013,Paperback,US$13.87,US$14.95
677,The Dot,Peter H. Reynolds,04 Oct 2004,Paperback,US$12.44,US$12.44
678,Pachinko,Min Jin Lee,10 Aug 2017,Paperback,US$16.78,US$16.78
679,The Girl in The Tower,Katherine Arden,09 Aug 2018,Paperback,US$19.99,US$19.99
680,The Winter of the Witch,Katherine Arden,03 Oct 2019,Paperback,US$17.51,US$17.51
681,The Gulag Archipelago,Aleksandr Solzhenitsyn,01 Nov 2018,Paperback,US$19.84,US$20.41
682,The Laws of Human Nature,Robert Greene,24 Oct 2018,Paperback,US$21.91,US$24.50
683,The Kids' Book of Crosswords 1,Gareth Moore,06 Apr 2017,Paperback,US$4.55,US$5.43
684,Disney Princess Storybook Collection: Advent Calendar,,01 Oct 2021,Hardback,US$35.46,US$35.46
685,"Peaceful Parent, Happy Kids Workbook",Dr Laura Markham,27 Feb 2018,Paperback,US$25.79,US$25.79
686,Classroom of the Elite (Light Novel) Vol. 9,Syougo Kinugasa,28 Sep 2021,Paperback,US$14.35,US$14.35
687,Thinking in Systems,Donella Meadows,03 Dec 2008,Paperback,US$15.88,US$19.95
688,The Body,Stephen King,09 Sep 2021,Paperback,US$11.21,US$11.21
689,The Mist,Stephen King,09 Sep 2021,Paperback,US$11.21,US$11.21
690,These Hollow Vows,Lexi Ryan,20 Jul 2021,Hardback,US$23.91,US$23.91
691,Jane's Patisserie,Jane Dunn,05 Aug 2021,Hardback,US$29.51,US$29.51
692,Cinderella Is Dead,Kalynn Bayron,06 Aug 2020,Paperback,US$10.82,US$10.88
693,House of Earth and Blood,Sarah J. Maas,02 Mar 2021,Paperback,US$18.46,US$18.46
694,The Shadow Sister,Lucinda Riley,11 Jul 2019,Paperback,US$16.04,US$16.04
695,A Squash and a Squeeze,Julia Donaldson,23 Sep 2016,Paperback,US$12.20,US$12.75
696,The Gruffalo,Julia Donaldson,19 Aug 2016,Paperback,US$12.47,US$12.47
697,How to Save a Life,LYNETTE RICE,21 Sep 2021,Hardback,US$12.47,US$12.47
698,How the King of Elfhame Learned to Hate Stories (The Folk of the Air series),Holly Black,24 Nov 2020,Hardback,US$20.03,US$23.13
699,Listen and Learn First English Words,Mairi Mackinnon,01 Oct 2017,Hardback,US$19.73,US$20.41
700,The Hate U Give,Angie Thomas,15 Jun 2017,Paperback,US$10.40,US$10.88
701,Limitless,Jim Kwik,07 Apr 2020,Hardback,US$23.94,US$26.99
702,Investigators: Ants in Our P.A.N.T.S.,John Patrick Green,28 Sep 2021,Hardback,US$15.44,US$15.44
703,Twisted Love - Special Edition,Ana Huang,22 Apr 2021,Paperback,US$17.32,US$17.32
704,A Brief History Of Time,Stephen Hawking,20 Jan 2015,Paperback,US$16.68,US$20.25
705,Aisling and the City,Emer McLysaght,08 Oct 2021,Paperback,US$18.06,US$19.95
706,We're Going on a Bear Hunt,Michael Rosen,01 Oct 1997,Board book,US$8.92,US$8.92
707,Each Peach Pear Plum,Janet Ahlberg,01 Sep 1999,Board book,US$10.13,US$10.13
708,Silva Mind Control Method,Silva,15 Jan 1991,Paperback,US$10.31,US$10.31
709,The Plot,Jean Hanff Korelitz,05 Aug 2021,Paperback,US$11.98,US$12.24
710,Be Here Now,Ram Dass,23 Nov 2015,Paperback,US$19.44,US$19.44
711,The Thursday Murder Club,Richard Osman,03 Sep 2020,Hardback,US$22.21,US$22.21
712,Girl Stuff 8-12,Kaz Cooke,03 Oct 2016,Paperback,US$28.53,US$28.53
713,Little Women,Louisa May Alcott,04 Dec 2014,Hardback,US$16.40,US$16.40
714,Fish in a Tree,Lynda Mullaly Hunt,09 May 2017,Paperback,US$8.04,US$8.99
715,The Picture of Dorian Gray,Oscar Wilde,27 Oct 2009,Hardback,US$22.18,US$24.00
716,Of Mice and Men,Mr John Steinbeck,01 Mar 2007,Paperback,US$12.64,US$12.64
717,Where The Wild Things Are,Maurice Sendak,11 May 2001,Paperback,US$12.30,US$13.25
718,Iron Heart,Nina Varela,14 Oct 2021,Paperback,US$11.57,US$11.57
719,Shatter Me,Tahereh Mafi,09 Jan 2018,Paperback,US$12.47,US$12.47
720,The Giving Tree,Shel Silverstein,18 Feb 2014,Hardback,US$18.00,US$18.00
721,The Nature of Middle-earth,J. R. R. Tolkien,02 Sep 2021,Hardback,US$32.97,US$34.04
722,The Giver,Lois Lowry,10 Sep 2014,Paperback,US$9.40,US$9.52
723,Radio Silence,Alice Oseman,03 Mar 2016,Paperback,US$15.71,US$15.71
724,Howl's Moving Castle,Diana Wynne Jones,01 Feb 2010,Paperback,US$16.00,US$16.00
725,Moleskine Ltd. Ed. Peanuts 2022 18-Month Weekly Large Hardcover Notebook: Black,Moleskine,21 Apr 2021,Hardback,US$21.52,US$34.03
726,Tarot of Oppositions,Pierluca Zizzi,01 Aug 2021,Cards,US$27.19,US$36.76
727,Caraval,Stephanie Garber,28 Sep 2021,Paperback,US$16.54,US$17.95
728,"Toilet-bound Hanako-kun, Vol. 10",AidaIro,28 Sep 2021,Paperback,US$13.37,US$13.37
729,"Fist of the North Star, Vol. 2",Buronson,14 Oct 2021,Hardback,US$23.57,US$23.57
730,"My Hero Academia, Vol. 27",Kohei Horikoshi,10 Jun 2021,Paperback,US$9.48,US$9.99
731,Did You Hear What Eddie Gein Done?,Eric Powell,24 Aug 2021,Hardback,US$28.24,US$29.99
732,The Listener,Frances Gaudiano,04 Oct 2021,Paperback,US$15.51,US$16.34
733,Boy Parts,Eliza Clark,23 Jul 2020,Paperback,US$12.78,US$13.60
734,Minor Feelings,Cathy Park Hong,04 Mar 2021,Paperback,US$16.35,US$16.35
735,Moonology (TM) Manifestation Oracle,Yasmin Boland,19 Oct 2021,Cards,US$19.68,US$21.99
736,Consolations,David Whyte,27 Oct 2020,Hardback,US$22.53,US$26.00
737,Snow Country,Sebastian Faulks,02 Sep 2021,Paperback,US$18.87,US$19.05
738,The Gifts of Imperfection,Brene Brown,08 Sep 2020,Hardback,US$21.12,US$21.12
739,The Second Sex (Vintage Feminism Short Edition),Simone de Beauvoir,05 Mar 2015,Paperback,US$6.66,US$6.79
740,A Vindication of the Rights of Woman (Vintage Feminism Short Edition),Mary Wollstonecraft,05 Mar 2015,Paperback,US$6.61,US$8.95
741,The Rise of the Ultra Runners,Adharanand Finn,02 Apr 2020,Paperback,US$12.70,US$13.60
742,When We Cease to Understand the World,Benjamin Labatut,06 May 2021,Paperback,US$11.73,US$12.24
743,At Night All Blood is Black,David Diop,06 May 2021,Paperback,US$14.42,US$14.42
744,Attack on Titan 33,Hajime Isayama,04 May 2021,Paperback,US$10.21,US$10.99
745,Harry Potter: Holiday Magic: The Official Advent Calendar,Insight Editions,21 Sep 2021,Hardback,US$31.58,US$31.58
746,The Bhagavad Gita,Eknath Easwaran,31 May 2007,Paperback,US$11.60,US$11.95
747,Growing Gourmet and Medicinal Mushrooms,Paul Stamets,08 Jul 2016,Paperback,US$47.35,US$47.35
748,When Breath Becomes Air,Paul Kalanithi,03 Jan 2019,Paperback,US$9.23,US$9.52
749,The Deficit Myth,Stephanie Kelton,13 May 2021,Paperback,US$18.45,US$18.45
750,Defy the Night,Brigid Kemmerer,14 Sep 2021,Paperback,US$11.61,US$11.61
751,A Court of Silver Flames,Sarah J. Maas,16 Feb 2021,Hardback,US$26.21,US$26.21
752,The Long Call,Ann Cleeves,20 Feb 2020,Paperback,US$14.45,US$14.45
753,The Bewitching of Aveline Jones,Phil Hickes,16 Sep 2021,Paperback,US$9.76,US$9.76
754,The Madness of Crowds,Douglas Murray,10 Sep 2020,Paperback,US$15.65,US$15.65
755,Neuromancer,William Gibson,08 Dec 2016,Paperback,US$13.67,US$13.67
756,Shadows of Self,Brandon Sanderson,06 Oct 2016,Paperback,US$16.41,US$16.41
757,The Conscious Parent,Dr Shefali Tsabary,15 Jan 2015,Paperback,US$17.05,US$23.13
758,The Mindful Self-Compassion Workbook,Kristin Neff,21 Dec 2018,Paperback,US$19.76,US$19.95
759,The Paper Dolls,Julia Donaldson,06 Jun 2013,Paperback,US$11.99,US$11.99
760,Little Kids First Big Book of Why,Amy Shields,09 Jun 2011,Hardback,US$18.31,US$18.31
761,Little Kids First Big Book of Space,Catherine D. Hughes,20 Nov 2012,Hardback,US$18.14,US$18.14
762,Maid,Stephanie Land,09 Jul 2020,Paperback,US$9.25,US$12.24
763,Expecting Better,Emily Oster,09 Aug 2018,Paperback,US$15.20,US$15.20
764,Coraline,Neil Gaiman,10 Oct 2013,Paperback,US$9.46,US$9.52
765,The Lion Inside Board Book,Rachel Bright,09 Feb 2017,Board book,US$13.23,US$13.23
766,Stick Man Early Reader,Julia Donaldson,06 Dec 2012,Paperback,US$5.65,US$11.25
767,Girl in Pieces,Kathleen Glasgow,18 Sep 2018,Paperback,US$12.21,US$12.21
768,It Didn't Start with You,Mark Wolynn,27 Apr 2017,Paperback,US$15.24,US$18.00
769,Cambridge IGCSE (R) First Language English Coursebook,Marian Cox,25 May 2018,Paperback,US$43.76,US$43.76
770,The Modern Break-Up,Daniel Chidiac,16 Jul 2019,Paperback,US$22.47,US$22.47
771,Rider-Waite Tarot Deck,,01 Mar 2003,Cards,US$20.39,US$21.95
772,"Head, Shoulders, Knees and Toes...",,01 Oct 2002,Board book,US$8.72,US$8.72
773,Great Circle,Maggie Shipstead,04 May 2021,Paperback,US$23.89,US$23.89
774,The Gift Of Therapy,Irvin Yalom,27 Feb 2003,Paperback,US$18.60,US$18.60
775,The Original Rider Waite Tarot Deck,A.E. Waite,10 Jun 1999,Cards,US$18.82,US$20.57
776,Dune,Frank Herbert,30 May 2018,Hardback,US$24.45,US$24.45
777,The Drama of the Gifted Child,Alice Miller,22 Jul 2008,Paperback,US$14.64,US$15.99
778,The Story of Ferdinand,Munro Leaf,31 Mar 2011,Paperback,US$5.77,US$5.77
779,Crossroads,Jonathan Franzen,05 Oct 2021,Paperback,US$16.37,US$17.69
780,The Jasmine Throne,Tasha Suri,10 Jun 2021,Paperback,US$12.36,US$12.36
781,"Act Your Age, Eve Brown",Talia Hibbert,09 Mar 2021,Paperback,US$15.49,US$15.49
782,"Take a Hint, Dani Brown",Talia Hibbert,23 Jun 2020,Paperback,US$15.65,US$15.65
783,The Hitchhiker's Guide to the Galaxy,Douglas Adams,01 Nov 1995,Paperback,US$7.44,US$7.99
784,The Tipping Point,Malcolm Gladwell,01 Mar 2014,Paperback,US$10.88,US$10.88
785,Kingdom of the Wicked,Kerri Maniscalco,07 Sep 2021,Paperback,US$12.47,US$12.47
786,The Jolly Christmas Postman,Allan Ahlberg,01 Sep 2001,Hardback,US$19.42,US$19.42
787,Wrinkle in Time,Madeleine L'Engle,01 May 2008,Paperback,US$7.77,US$7.77
788,The Compound Effect,Darren Hardy,15 Sep 2020,Hardback,US$17.71,US$19.99
789,Norwegian Wood,Haruki Murakami,28 Apr 2011,Paperback,US$10.71,US$10.71
790,Pedagogy of the Oppressed,Paulo Freire,06 Apr 2017,Paperback,US$13.48,US$13.60
791,English Pastoral,James Rebanks,02 Sep 2021,Paperback,US$12.67,US$13.60
792,The Witches,Roald Dahl,16 Aug 2007,Paperback,US$8.03,US$8.03
793,All the Bright Places,Jennifer Niven,08 Jan 2015,Paperback,US$11.49,US$11.49
794,Percy Jackson and the Titan's Curse (Book 3),Rick Riordan,08 Apr 2014,Paperback,US$11.29,US$11.29
795,Nineteen Eighty-Four,George Orwell,01 Feb 2009,Paperback,US$12.42,US$21.00
796,Frankenstein,Mary Shelley,01 May 2012,Paperback,US$9.63,US$9.63
797,The Myth of Sisyphus,Albert Camus,01 Oct 2005,Paperback,US$7.63,US$11.00
798,Ways of Seeing,John Berger,01 Mar 2009,Paperback,US$10.97,US$19.75
799,Manufacturing Consent,Edward S Herman,03 Jan 1998,Paperback,US$15.48,US$15.48
800,Who Moved My Cheese,Spencer Johnson,31 Oct 2018,Paperback,US$8.60,US$13.25
801,The Hard Thing About Hard Things,Ben Horowitz,24 Apr 2014,Hardback,US$24.38,US$29.99
802,1984 Nineteen Eighty-Four,George Orwell,07 Jan 2021,Paperback,US$6.58,US$6.58
803,First Man In,Ant Middleton,23 Apr 2019,Paperback,US$17.53,US$17.53
804,yes i have anxiety deal with it coloring book,Adam Strsed,16 Mar 2021,Paperback,US$9.58,US$27.11
805,Chainsaw Man 1,Tatsuki Fujimoto,01 Oct 2020,Paperback,US$9.17,US$9.17
806,"Haikyu!!, Vol. 45",Haruichi Furudate,25 Nov 2021,Paperback,US$8.90,US$9.99
807,The Long Field,Pamela Petro,14 Sep 2021,Hardback,US$25.19,US$30.00
808,Anna Karenina,Leo Tolstoy,01 Aug 1997,Paperback,US$8.21,US$8.21
809,Nineteen Eighty-Four,George Orwell,01 Jan 2021,Paperback,US$6.81,US$6.81
810,Know Your Rights,Angelina Jolie,02 Sep 2021,Paperback,US$9.78,US$10.88
811,Advent Calendar Book Collection,Usborne,14 Oct 2021,Book,US$28.80,US$28.80
812,The Invisible Life of Addie LaRue Export Edition,V. E. Schwab,08 Oct 2020,Paperback,US$24.05,US$24.05
813,The Daily Stoic Journal,Ryan Holiday,13 Jul 2020,Hardback,US$21.52,US$21.52
814,What I Love About You,Studio Press,01 Jun 2019,Hardback,US$15.75,US$16.95
815,Moonflower Murders,Anthony Horowitz,29 Apr 2021,Paperback,US$15.84,US$15.84
816,The Three-Body Problem,Cixin Liu,01 Feb 2016,Paperback,US$13.42,US$13.42
817,The Amur River,Colin Thubron,16 Sep 2021,Paperback,US$35.15,US$35.15
818,The Wellbeing Journal,Mind,01 May 2018,Paperback,US$13.25,US$13.25
819,Reasons to Stay Alive,Matt Haig,07 Jan 2016,Paperback,US$15.33,US$15.33
820,Christians,Greg Sheridan,06 Jan 2022,Paperback,US$35.63,US$35.63
821,A Touch of Darkness,Scarlett St. Clair,30 Nov 2021,Paperback,US$17.63,US$17.63
822,Our Dreams at Dusk: Shimanami Tasogare Vol. 3,Yuhki Kamatani,01 Oct 2019,Paperback,US$17.63,US$17.63
823,Wotakoi: Love Is Hard For Otaku 1,Fujita,19 Apr 2018,Paperback,US$16.71,US$17.99
824,Macbeth (No Fear Shakespeare),Sparknotes,23 Feb 2011,Paperback,US$10.20,US$10.20
825,The Sun Dog,Stephen King,09 Sep 2021,Paperback,US$11.21,US$11.21
826,The Anthropocene Reviewed,John Green,18 May 2021,Hardback,US$25.60,US$25.60
827,Lily's Promise,Lily Ebert,02 Sep 2021,Hardback,US$25.12,US$25.86
828,A Deadly Education,Naomi Novik,06 May 2021,Paperback,US$15.55,US$15.55
829,A Court of Thorns and Roses Box Set,Sarah J. Maas,05 Jan 2021,Paperback,US$71.95,US$71.95
830,Indistractable,Nir Eyal,06 Feb 2020,Paperback,US$14.87,US$14.87
831,A Tale of Magic: A Tale of Sorcery,Chris Colfer,30 Sep 2021,Hardback,US$27.82,US$27.82
832,The Sun Sister,Lucinda Riley,23 Jul 2020,Paperback,US$15.89,US$15.89
833,Berserk Deluxe Volume 10,Kentaro Miura,08 Mar 2022,Hardback,US$44.74,US$49.99
834,My Own Words,Ruth Bader Ginsburg,16 Oct 2018,Paperback,US$16.11,US$18.00
835,Relentless,Tim S. Grover,13 Mar 2014,Paperback,US$14.56,US$17.00
836,The Color Purple,Alice Walker,03 Jan 2018,Paperback,US$15.18,US$15.18
837,Mort,Terry Pratchett,13 Nov 2013,Hardback,US$21.55,US$24.99
838,The Bands of Mourning,Brandon Sanderson,12 Jan 2017,Paperback,US$16.32,US$16.32
839,Legendary,Stephanie Garber,21 Feb 2019,Paperback,US$13.86,US$13.86
840,Practising Parisienne,Marissa Cox,02 Sep 2021,Hardback,US$21.12,US$21.12
841,"Kim Jiyoung, Born 1982",Cho Nam-Joo,21 Jan 2021,Paperback,US$13.48,US$13.48
842,"One-Punch Man, Vol. 1",One,24 Sep 2015,Paperback,US$20.10,US$20.10
843,"Haikyu!!, Vol. 1",Haruichi Furudate,28 Jul 2016,Paperback,US$20.17,US$20.17
844,Gyo (2-in-1 Deluxe Edition),Junji Ito,07 May 2015,Hardback,US$26.48,US$26.48
845,"My Hero Academia, Vol. 3",Kohei Horikoshi,25 Feb 2016,Paperback,US$19.98,US$19.98
846,"One Piece (Omnibus Edition), Vol. 2",Eiichiro Oda,18 Aug 2011,Paperback,US$28.77,US$28.77
847,Magpie Murders,Anthony Horowitz,21 Nov 2017,Paperback,US$12.05,US$12.24
848,There's A House Inside My Mummy Board Book,Giles Andreae,05 Jan 2012,Board book,US$9.23,US$9.52
849,Tiddler,Julia Donaldson,18 Jan 2017,Paperback,US$11.86,US$11.86
850,Guess How Much I Love You,Sam McBratney,19 Dec 2014,Board book,US$10.42,US$10.42
851,Medical Medium,Anthony William,23 Mar 2021,Hardback,US$39.99,US$39.99
852,Dog Man 10: Mothering Heights (the new blockbusting international bestseller),Dav Pilkey,23 Mar 2021,Hardback,US$14.90,US$14.90
853,Pokemon: Super Deluxe Essential Handbook,Scholastic,02 Aug 2018,Paperback,US$17.52,US$17.52
854,Inspired,Marty Cagan,30 Jan 2018,Hardback,US$23.56,US$30.00
855,Twisted Games - Special Edition,Ana Huang,22 Jul 2021,Paperback,US$18.43,US$18.43
856,I Know Why The Caged Bird Sings,Maya Angelou,28 Aug 2018,Paperback,US$10.02,US$14.22
857,Tartine Bread,Chad Robertson,12 Oct 2010,Hardback,US$40.60,US$40.60
858,The Setting Sun,Osamu Dazai,01 Jun 1968,Paperback,US$13.95,US$14.95
859,Peek-A Who?,Nina Laden,15 Sep 2005,Hardback,US$7.74,US$7.74
860,Mindfulness,Professor Mark Williams,05 May 2011,Paperback,US$18.58,US$29.25
861,Whats Happening to Me?,Susan Meredith,31 Mar 2006,Paperback,US$12.83,US$12.83
862,Make Your Bed,Admiral William H. McRaven,12 Jul 2017,Hardback,US$12.91,US$13.60
863,Good To Great,Jim Collins,01 Jan 2004,Hardback,US$29.19,US$34.79
864,The Nickel Boys,Colson Whitehead,30 Jun 2020,Paperback,US$12.31,US$12.31
865,1177 B.C.,Eric H. Cline,02 Mar 2021,Paperback,US$16.95,US$16.95
866,The Legend of Aleister Crowley,Percy Stephensen,20 Sep 2021,Paperback,US$20.63,US$20.63
867,The Final Empire,Brandon Sanderson,01 Dec 2009,Paperback,US$17.76,US$17.76
868,The Alloy of Law,Brandon Sanderson,01 Nov 2012,Paperback,US$16.07,US$20.25
869,Outline,Rachel Cusk,20 Jun 2018,Paperback,US$11.26,US$12.24
870,First Little Readers: Guided Reading Level a (Parent Pack),Deborah Schecter,01 Oct 2010,Paperback,US$20.64,US$20.99
871,Anime Architecture,Stefan Riekeles,17 Nov 2020,Hardback,US$47.63,US$47.63
872,The Complete Poetry Of Edgar Allan Poe,Edgar Allan Poe,26 Nov 2009,Paperback,US$5.00,US$5.00
873,"Bob Books - Set 1: Beginning Readers Box Set Phonics, Ages 4 and Up, Kindergarten (Stage 1: Starting to Read)",John R Maslen,01 May 2006,Paperback,US$17.65,US$17.99
874,Bridgerton: When He Was Wicked (Bridgertons Book 6),Julia Quinn,11 Feb 2021,Paperback,US$10.12,US$12.24
875,How to Make the World Add Up,Tim Harford,06 May 2021,Paperback,US$19.27,US$19.27
876,"Don't Make Me Think, Revisited",Steve Krug,27 Jun 2014,Paperback,US$35.59,US$45.00
877,Kingdom of the Wicked,Kerri Maniscalco,26 Nov 2020,Hardback,US$21.59,US$21.59
878,The Silmarillion,J. R. R. Tolkien,01 Aug 2013,Paperback,US$12.19,US$17.75
879,Lolita,Vladimir Nabokov,16 Jun 2011,Paperback,US$20.10,US$20.50
880,The Wonderful Things You Will Be,Emily Winfield Martin,06 Aug 2020,Hardback,US$20.20,US$20.20
881,"Women, Race & Class",Angela Y. Davis,03 Oct 2019,Paperback,US$16.86,US$16.86
882,Dear Zoo,Rod Campbell,02 Jul 2010,Board book,US$10.07,US$10.07
883,The Qur'an,,29 Aug 2008,Paperback,US$11.12,US$12.95
884,Blackstone's EU Treaties & Legislation 2021-2022,,22 Sep 2021,Paperback,US$30.43,US$30.43
885,The BFG,Roald Dahl,16 Aug 2007,Paperback,US$7.96,US$7.99
886,Pygmalion,George Bernard Shaw,04 Feb 2003,Paperback,US$12.37,US$12.37
887,Roald Dahl: Whizzpopping Joke Book,Roald Dahl,02 Jun 2016,Paperback,US$7.68,US$8.16
888,Percy Jackson and the Last Olympian (Book 5),Rick Riordan,04 Jul 2013,Paperback,US$15.12,US$15.12
889,The Upside of Falling,Alex Light,15 Apr 2021,Paperback,US$10.42,US$10.99
890,Inside Out & Back Again,Thanhha Lai,02 Jan 2013,Paperback,US$9.28,US$9.28
891,"Predictably Irrational, Revised",Dr Dan Ariely,24 Jun 2011,Paperback,US$9.62,US$9.62
892,MEGAMONSTER,David Walliams,24 Jun 2021,Hardback,US$23.60,US$23.60
893,My Dark Vanessa,Kate Elizabeth Russell,21 Jan 2021,Paperback,US$15.00,US$15.00
894,The Chronicles of Narnia Box Set,C. S. Lewis,03 Jul 2014,Paperback,US$40.06,US$57.09
895,Royal Assassin,Robin Hobb,27 Mar 2014,Paperback,US$17.58,US$17.58
896,How to Catch a Star,Oliver Jeffers,03 May 2005,Paperback,US$10.58,US$12.50
897,Corrupt,Penelope Douglas,03 May 2005,Paperback,US$15.40,US$15.40
898,a la Mitad del Camino,Andres Manuel Lopez Obrador,12 Oct 2021,Paperback,US$20.94,US$20.94
899,Trono de cristal: Reino de cenizas,"Maas, Sarah J.",23 Mar 2021,Paperback,US$24.66,US$25.17
900,The Book of St. Brigid,Colm Keane,08 Sep 2021,Paperback,US$18.92,US$20.42
901,What Colour Is Your Parachute? 2021,Richard N. Bolles,22 Dec 2020,Paperback,US$17.44,US$19.99
902,"Yotsuba&!, Vol. 15",Kiyohiko Azuma,28 Sep 2021,Paperback,US$12.43,US$13.00
903,"One-Punch Man, Vol. 22",One,22 Jul 2021,Paperback,US$9.76,US$9.99
904,"One-Punch Man, Vol. 23",ONE,28 Oct 2021,Paperback,US$11.07,US$11.07
905,Sensor,Junji Ito,30 Sep 2021,Hardback,US$20.51,US$20.51
906,"BEASTARS, Vol. 14",Paru Itagaki,14 Oct 2021,Paperback,US$12.63,US$12.99
907,Maybe,Kobi Yamada,15 Sep 2019,Hardback,US$19.10,US$19.10
908,"Let's Talk About Body Boundaries, Consent and Respect",Jayneen Sanders,10 Nov 2017,Paperback,US$14.41,US$14.41
909,Guinness World Records 2022,,14 Sep 2021,Hardback,US$35.51,US$35.51
910,Modern Witch Tarot,Lisa Sterle,19 Nov 2019,Cards,US$26.95,US$26.95
911,The Land of Stories: The Wishing Spell,Chris Colfer,06 Jun 2013,Paperback,US$14.14,US$14.14
912,The Power of Habit,Charles Duhigg,12 Dec 2013,Paperback,US$18.71,US$18.71
913,Normal Sheeple,Ross O'Carroll-Kelly,19 Aug 2021,Paperback,US$19.91,US$19.91
914,The Gulag Archipelago,Aleksandr Solzhenitsyn,30 Jan 2003,Paperback,US$22.93,US$26.88
915,Rebecca,Daphne Du Maurier,30 Jan 2003,Paperback,US$17.58,US$17.58
916,Liz Climo 2022 Daily Calendar,Liz Climo,19 Aug 2021,Calendar,US$16.60,US$16.60
917,Old Ireland in Colour 2,John Breslin,08 Sep 2021,Hardback,US$33.51,US$39.95
918,When Breath Becomes Air,Paul Kalanithi,05 Jan 2017,Paperback,US$14.37,US$14.37
919,The Proudest Blue,Ibtihaj Muhammad,07 May 2020,Paperback,US$14.07,US$14.07
920,Disney Princess Beginnings: 10 Magical Chapter Books,,01 Aug 2021,Paperback,US$39.12,US$39.12
921,SPSS Survival Manual,Julie Pallant,03 Mar 2020,Paperback,US$49.34,US$49.34
922,Self-Love Workbook for Women,Megan Logan,29 Sep 2020,Paperback,US$17.66,US$17.66
923,Vinland Saga 12,Makoto Yukimura,26 Oct 2021,Hardback,US$20.58,US$22.99
924,Witch Hat Atelier 8,Kamome Shirahama,28 Sep 2021,Paperback,US$12.99,US$12.99
925,Rent-A-Girlfriend 8,Reiji Miyajima,21 Sep 2021,Paperback,US$11.86,US$12.99
926,Witch Hat Atelier 1,Kamome Shirahama,09 Apr 2019,Paperback,US$13.41,US$13.41
927,Accessing the Healing Power of the Vagus Nerve,Stanley Rosenbery,09 Apr 2018,Paperback,US$22.53,US$25.95
928,It's OK That You're Not OK,Megan Devine,01 Oct 2017,Paperback,US$16.50,US$16.95
929,A Smart Girl's Guide: Friendship Troubles,Patti Kelley Criswell,01 Aug 2013,Paperback,US$12.19,US$12.99
930,We Free the Stars,Hafsah Faizal,18 Mar 2021,Paperback,US$16.04,US$16.04
931,All Are Welcome,Alexandra Penfold,24 Jan 2019,Paperback,US$12.46,US$12.46
932,Disney Princess Beginnings: 10 Magical Chapter Books,,01 Aug 2021,Paperback,US$39.12,US$39.12
933,How Emotions Are Made,Lisa Feldman Barrett,08 Feb 2018,Paperback,US$15.38,US$15.38
934,Home Stretch,Graham Norton,29 Apr 2021,Paperback,US$15.78,US$15.78
935,The State Of Affairs,Esther Perel,03 Oct 2019,Paperback,US$13.76,US$13.76
936,Reaper Man,Terry Pratchett,13 Nov 2013,Hardback,US$23.27,US$24.99
937,Redemptor,Hot Key Books,17 Aug 2021,Paperback,US$10.68,US$12.24
938,Clap When You Land,Elizabeth Acevedo,26 May 2020,Paperback,US$13.17,US$13.17
939,The Sun and Her Flowers,Rupi Kaur,03 Oct 2017,Paperback,US$15.77,US$17.69
940,The 5 Am Club,Robin Sharma,07 Jan 2020,Paperback,US$15.25,US$17.99
941,Unofficial Harry Potter Cookbook,Dinah Bucholz,18 Sep 2010,Hardback,US$21.16,US$21.16
942,Gentle and Lowly,Dane C. Ortlund,07 Apr 2020,Hardback,US$19.33,US$19.99
943,"One-Punch Man, Vol. 2",One,01 Feb 2016,Paperback,US$20.55,US$20.55
944,"Hunter x Hunter, Vol. 7",Yoshihiro Togashi,22 Sep 2016,Paperback,US$10.31,US$10.31
945,In My Heart,Jo Witek,14 Oct 2014,Hardback,US$17.85,US$17.85
946,The Two Lost Mountains,Matthew Reilly,22 Jul 2021,Paperback,US$11.41,US$12.24
947,Harry Potter and the Deathly Hallows,J.K. ROWLING,01 Sep 2014,Paperback,US$14.27,US$14.27
948,The Whale Who Wanted More,Rachel Bright,05 Aug 2021,Paperback,US$10.31,US$10.31
949,The Koala Who Could Board Book,Rachel Bright,08 Mar 2018,Board book,US$9.60,US$9.60
950,Zog and the Flying Doctors,Julia Donaldson,07 Sep 2017,Paperback,US$15.16,US$15.16
951,Minecraft Joke Book,Mojang AB,08 Aug 2019,Paperback,US$13.37,US$13.37
952,Archetype Cards,Caroline Myss,09 Nov 2020,Cards,US$20.98,US$24.99
953,Skin in the Game,Jane Wurwand,10 Dec 2021,Hardback,US$25.05,US$27.99
954,"The Invisible Life of Addie Larue, Special Edition",V E Schwab,05 Oct 2021,Hardback,US$26.84,US$29.99
955,Lakesedge,Lyndall Clipstone,28 Sep 2021,Hardback,US$21.16,US$21.16
956,Daughter of the Siren Queen,Tricia Levenseller,26 Feb 2019,Paperback,US$13.16,US$13.16
957,The Bitcoin Standard,Saifedean Ammous,08 Jun 2018,Hardback,US$23.00,US$29.95
958,Lonely Castle in the Mirror,Mizuki Tsujimura,22 Apr 2021,Paperback,US$20.95,US$20.95
959,Essentialism,Greg McKeown,07 Jan 2021,Paperback,US$15.65,US$15.65
960,Lakesedge,Lyndall Clipstone,28 Sep 2021,Hardback,US$21.16,US$21.16
961,Daughter of the Siren Queen,Tricia Levenseller,26 Feb 2019,Paperback,US$13.16,US$13.16
962,The Bitcoin Standard,Saifedean Ammous,08 Jun 2018,Hardback,US$23.00,US$29.95
963,Holy Women of Great Perfection,Dangsong Namgyal,04 Jul 2021,Paperback,US$19.99,US$19.99
964,Lonely Castle in the Mirror,Mizuki Tsujimura,22 Apr 2021,Paperback,US$20.95,US$20.95
965,Essentialism,Greg McKeown,07 Jan 2021,Paperback,US$15.65,US$15.65
966,Awaken The Giant Within,Tony Robbins,02 Jan 2001,Paperback,US$20.47,US$20.47
967,See Inside How Things Work,Conrad Mason,02 Oct 2009,Board book,US$18.46,US$18.46
968,Create This Book,Moriah Elizaberh,17 May 2015,Paperback,US$18.91,US$18.91
969,Are You My Mother?,P.D. Eastman,08 Sep 1998,Board book,US$5.62,US$5.62
970,The Genius of Jesus,Erwin Raphael McManus,14 Sep 2021,Hardback,US$20.66,US$24.00
971,A Little Hatred,Joe Abercrombie,14 May 2020,Paperback,US$11.94,US$12.24
972,Rivers of London,Ben Aaronovitch,08 Sep 2011,Paperback,US$18.83,US$18.83
973,"Philadelphia, Here I Come",Brian Friel,01 Mar 1994,Paperback,US$10.88,US$16.00
974,"Anne of Green Gables, Complete 8-Book Box Set",L. M. Montgomery,06 Oct 1998,Paperback,US$45.70,US$47.92
975,Bobby Fischer Teaches Chess,Bobby Fischer,01 Oct 1992,Paperback,US$8.25,US$8.99
976,On All Fronts,Clarissa Ward,09 Sep 2021,Paperback,US$16.78,US$18.00
977,Romeo and Juliet,William Shakespeare,01 Jul 1993,Paperback,US$3.39,US$3.39
978,Bridgerton: The Duke and I (Bridgertons Book 1),Julia Quinn,04 Feb 2021,Paperback,US$15.47,US$15.47
979,Wabi Sabi,Beth Kempton,30 Aug 2018,Hardback,US$18.38,US$18.38
980,The Bridgerton Collection: Books 1 - 4,Julia Quinn,15 Apr 2021,Paperback,US$46.75,US$48.97
981,There's No Such Thing As 'Naughty',Kate Silverton,29 Apr 2021,Paperback,US$23.17,US$23.17
982,Shantaram,Gregory David Roberts,01 Apr 2005,Paperback,US$20.43,US$20.43
983,Agent Sonya,Ben Macintyre,27 May 2021,Paperback,US$15.91,US$15.91
984,The Extremely Embarrassing Life of Lottie Brooks,Katie Kirby,18 Mar 2021,Paperback,US$10.11,US$10.11
985,Games People Play,Eric Berne,21 Jul 2016,Paperback,US$14.52,US$14.52
986,The Gruffalo Little Library,Julia Donaldson,05 Jan 2012,Board book,US$9.90,US$11.00
987,Oxford Handbook of Clinical Medicine,Ian B. Wilkinson,27 Sep 2017,Paperback,US$45.44,US$45.44
988,The Borrowers,Mary Norton,01 Apr 2003,Paperback,US$7.99,US$7.99
989,Aroha,Hinemoa Elder,29 Sep 2020,Hardback,US$28.64,US$28.64
990,We Have Always Lived in the Castle,Shirley Jackson,28 Nov 2006,Paperback,US$24.41,US$24.41
991,Twelve Angry Men,Reginald Rose,14 Jul 2011,Paperback,US$11.06,US$14.00
992,Percy Jackson and the Battle of the Labyrinth (Book 4),Rick Riordan,04 Jul 2013,Paperback,US$9.47,US$9.52
993,Once,Morris Gleitzman,23 Feb 2006,Paperback,US$13.36,US$15.50
994,We Have Always Lived in the Castle,Shirley Jackson,01 Oct 2009,Paperback,US$16.30,US$19.75
995,A New Earth,Eckhart Tolle,01 Mar 2009,Paperback,US$19.56,US$19.75
996,The Corfu Trilogy,Gerald Durrell,20 Jun 2011,Paperback,US$21.18,US$23.72
997,The Night Circus,Erin Morgenstern,24 May 2012,Paperback,US$13.05,US$15.75
998,Brave New World,Aldous Huxley,07 Jun 2011,Paperback,US$15.01,US$15.01
999,"Guns, Germs and Steel",Jared Diamond,26 Apr 2000,Paperback,US$16.48,US$22.00
1000,Kafka on the Shore,Haruki Murakami,06 Oct 2005,Paperback,US$13.64,US$13.64
1001,"How to Make Money in Stocks: A Winning System in Good Times and Bad, Fourth Edition",William O'Neil,01 Jul 2020,Paperback,US$20.45,US$22.00
1002,The Dressmakers of Auschwitz,Lucy Adlington,14 Sep 2021,Paperback,US$16.03,US$17.99
1003,"One: Pot, Pan, Planet",Anna Jones,04 Mar 2021,Hardback,US$37.48,US$37.48
1004,The Monk Who Sold His Ferrari,Robin Sharma,17 Dec 2011,Paperback,US$9.26,US$9.70
1005,Billionaire Boy,David Walliams,09 Jun 2011,Paperback,US$14.90,US$16.00
1006,Plants for Your Food Forest,Plants for a Future,15 Jun 2021,Paperback,US$27.35,US$27.35
1007,Legendary (Caraval 2),Stephanie Garber,28 Sep 2021,Paperback,US$16.54,US$17.95
1008,"Star Wars: The High Republic: Edge of Balance, Vol. 1",Shima Shinya,14 Oct 2021,Paperback,US$13.92,US$14.99
1009,"The Promised Neverland, Vol. 20",Kaiu Shirai,16 Sep 2021,Paperback,US$13.92,US$14.99
1010,"My Hero Academia, Vol. 28",Kohei Horikoshi,24 Jun 2021,Paperback,US$10.31,US$10.31
1011,"Blue Flag, Vol. 8",KAITO,22 Jul 2021,Paperback,US$13.41,US$13.41
1012,The Magdalen Manuscript: The Alchemies of Horus & the Sex Magic of Isis,Tom Kenyon,01 Jan 2002,Paperback,US$21.81,US$21.81
1013,The Good Life,Hannah Moloney,31 Aug 2021,Paperback,US$49.07,US$49.07
1014,Come as You Are,Dr Emily Nagoski,22 Sep 2015,Paperback,US$23.63,US$23.63
1015,The Labyrinth,Amanda Lohrey,04 Aug 2020,Paperback,US$30.72,US$30.72
1016,A Dowry of Blood,S T Gibson,31 Jan 2021,Paperback,US$12.77,US$12.77
1017,"The Good Enough Parent: How to raise contented, interesting and resilient children",The School of Life,19 Apr 2022,Hardback,US$19.57,US$19.99
1018,Maybe You Should Talk to Someone,Lori Gottlieb,09 May 2019,Paperback,US$21.31,US$23.13
1019,A Woman to Blame,Nell McCafferty,01 Jun 2010,Paperback,US$13.81,US$13.81
